employee_id,full_name,age,gender,city,education,certification,department,designation,seniority_level,employment_type,work_mode,date_of_joining,tenure_years,reporting_to,annual_salary_inr,task_completion_score,quality_of_work_score,initiative_score,collaboration_score,communication_score,problem_solving_score,time_management_score,creativity_score,analytical_ability_score,digital_proficiency_score,leadership_score,adaptability_score,customer_focus_score,strategic_thinking_score,self_motivation_score,productivity_index,performance_rating,kpi_primary_area,kpi_target,kpi_achieved,kpi_achievement_pct,campaigns_handled,leads_generated,conversion_rate_pct,revenue_contribution_lakh,client_satisfaction_score,content_pieces_produced,social_media_reach_thousands,email_open_rate_pct,ad_spend_roi_pct,marketing_spend_lakh,customer_acquisition_cost_inr,customer_lifetime_value_inr,avg_daily_working_hours,overtime_hours_per_month,leaves_taken,absenteeism_days,punctuality_score,deadlines_met_pct,meetings_attended_pct,tasks_assigned,tasks_completed,tasks_pending,tasks_overdue,wfh_days_per_month,primary_tool,secondary_tool,collaboration_tool,team_size_managed,peer_rating_out_of_5,manager_rating_out_of_5,self_rating_out_of_5,feedback_360_score,conflicts_reported,mentoring_sessions_given,cross_dept_projects,trainings_attended,last_training_program,skill_gap_identified,promotion_eligible,years_since_last_promotion,last_salary_hike_pct,career_aspiration,engagement_score,job_satisfaction_score,work_life_balance_score,stress_level,burnout_risk,attrition_risk,recognition_received,awards_received,innovation_ideas_submitted,employee_nps,goal_alignment_score,strategy_contribution_level,marketing_expenditure_lakh,budget_utilisation_pct,project_success_rate_pct,stakeholder_management_score,brand_equity_impact,strategy_involvement,quarterly_target_met
MKT-2001,Komal Reddy,36,Female,Hyderabad,MBA (Marketing),Google Ads,Customer Engagement & CRM,Head of CRM,Leadership,Part-Time,On-Site,8/18/2016,8.9,Senior Marketing Manager,1860000,10,9.1,9.4,10,4.8,7.6,8.7,8.8,10,9.9,7.6,7.8,8.7,9.4,8.7,9.13,Outstanding,Lead Generation,93,133,143,1,12,20.3,54.02,4.4,10,255,11.8,197.2,5.22,6296,43962,7,28,20,8,9.4,98.8,70.8,79,78,1,0,0,Meta Ads Manager,Hootsuite,MS Teams,14,4.6,4.9,4.5,4.67,4,8,3,7,Project Management,No,Yes,7,12.1,Leadership Role,10,4.2,4.2,High,High,Low,Yes,2,4,42,9,Low,3.27,81.6,84.6,9.5,Significant,Contributed,Yes
MKT-2002,Indira Desai,21,Female,Mumbai,BA (Journalism),Meta Blueprint,Digital Marketing,Social Media Manager,Mid-Level,Full-Time,On-Site,6/23/2022,3,Marketing Director,670000,7.3,7.3,5.5,6.1,9.5,7,6.9,10,7.5,6.8,7.7,2.7,9.6,5.2,3.9,7.15,Exceeds Expectations,Sales Conversion,96,132,137.5,10,326,20.3,5.94,4.2,9,162.5,19.5,306.6,1.59,3995,4781,9.8,0,2,10,8.7,83.9,90.1,33,28,5,0,0,MS Excel,HubSpot,MS Teams,0,4.9,3.5,3.9,4.1,3,0,6,6,Negotiation & Persuasion,No,No,2.7,22.3,International Exposure,4.7,3,4.7,Moderate,High,Medium,No,5,5,31,9.5,Low,27.84,78,93.4,6,Moderate,Executed,Yes
MKT-2003,Amit Mehta,29,Male,Chennai,BBA,SEMrush SEO,Digital Marketing,SEO Analyst,Junior,Part-Time,On-Site,3/4/2022,3.3,CMO,430000,8,6.9,2.5,2.7,8.4,7,7.6,6.1,3.7,3.7,8,6.8,6.7,6.8,9.3,6.58,Meets Expectations,Campaign ROI,69,96,139.1,2,76,1.9,43.01,2.9,8,245.4,45.5,242.8,49.59,4434,54140,6.8,35,12,8,6.5,85.7,63,73,63,10,3,0,Power BI,Mailchimp,MS Teams,0,3.9,4.4,3.6,3.97,3,0,3,7,Social Media Strategy,Yes,No,3.1,12.1,Stay in Current Role,8.3,3.2,1.8,Very High,High,Medium,No,5,2,52,3.7,Medium,18.81,90.2,59.6,2.4,Significant,Executed,No
MKT-2004,Meera Pandey,30,Female,Pune,M.Com,Hootsuite Social Media,Market Research & Insights,Data Analyst,Junior,Full-Time,Remote,1/21/2016,9.4,Senior Marketing Manager,540000,6.7,6.9,6.6,6.1,8.5,3.8,6.3,4.6,3.6,7.7,3.2,7.4,4.2,2.1,7.2,6.2,Meets Expectations,Brand Awareness,75,96,128,6,70,11,41.42,2.9,9,284.1,25.5,305.7,41,359,7966,8,23,8,9,8,67.8,60.5,30,20,10,2,1,Hootsuite,Mailchimp,MS Teams,0,3.7,3.2,3.7,3.53,0,0,4,2,Effective Communication,Yes,No,6.7,13.9,Leadership Role,6.6,3.5,3,Moderate,High,Medium,No,5,4,-26,10,High,33.68,79.2,51.1,4.9,Significant,Contributed,No
MKT-2005,Tarun Patil,25,Male,Hyderabad,M.Com,Salesforce CRM,Content & Creative,Content Strategist,Mid-Level,Full-Time,Remote,6/9/2022,3.1,Senior Marketing Manager,780000,5.4,6.2,5.4,7.7,6.5,3.9,4.8,6.5,3.5,7.5,6.5,6.2,3.3,6.2,6,5.94,Meets Expectations,Campaign ROI,71,90,126.8,2,15,15.8,13.08,4.6,64,286.7,37.8,162.4,28.86,5965,19866,10.1,2,0,8,4.4,62.5,98.5,15,9,6,3,2,Salesforce,Google Ads,Google Meet,0,4.9,4.3,4.4,4.53,3,0,3,3,Negotiation & Persuasion,No,No,1.1,20,Leadership Role,5.1,3.7,2.1,High,High,Medium,Yes,3,1,-7,4.9,High,44.94,60.5,50.8,4.1,Moderate,Not Involved,Yes
MKT-2006,Pari Chandra,27,Female,Nagpur,BA (Journalism),Google Analytics,Sales Enablement,Director Sales Enablement,Leadership,Contract,On-Site,3/5/2016,9.3,Senior Marketing Manager,1350000,10,9.1,7.5,6.5,3.9,7.5,8.1,6.9,9.5,5.8,10,8.2,8.6,5.8,3.5,7.88,Exceeds Expectations,Content Engagement,95,90,94.7,0,426,17.3,43.58,4.3,12,63.8,23.8,107.7,18.91,1034,28497,7.9,29,7,8,6.7,56.4,89.9,26,15,11,8,0,Asana,Hootsuite,MS Teams,10,2.6,3.3,3.2,3.03,2,9,2,2,Design Thinking,Yes,Yes,6.7,16.7,International Exposure,10,2.7,4,High,High,Medium,Yes,5,3,-27,8.4,Medium,21.72,79.3,54.8,8.6,Significant,Executed,Yes
MKT-2007,Shubham Tiwari,29,Male,Delhi,M.Com,HubSpot Marketing,Brand & Communications,Brand Executive,Junior,Full-Time,Hybrid,4/23/2018,7.2,Senior Marketing Manager,320000,7.1,4.8,4.2,6.7,4.5,8.1,3.7,1.4,6.8,7.5,2.3,5.6,9.2,5.5,8.6,6.09,Meets Expectations,Customer Retention,78,105,134.6,12,9,22.1,15.83,3.5,37,89.7,20.2,248.6,21.82,7826,74950,9.3,1,15,8,8.9,73.8,86.1,55,41,14,13,12,Jira,MS Excel,Zoom,0,4.8,4.8,3.1,4.23,4,0,6,3,None,No,No,5.2,16.2,Leadership Role,2.5,2.1,4.9,High,Medium,High,No,4,6,8,9.1,High,2.53,59,86.5,6.5,Moderate,Contributed,Yes
MKT-2008,Arun Krishnan,53,Male,Chennai,B.Sc (Statistics),AWS Cloud Practitioner,Digital Marketing,SEO Analyst,Junior,Part-Time,Hybrid,11/24/2019,5.6,Marketing Director,450000,8.6,6.9,4.7,5.7,7.7,3,7.1,5.2,7.6,5,5.1,6.9,5.7,4.2,7.2,6.52,Meets Expectations,Lead Generation,90,85,94.4,3,424,14.5,5.66,4.5,16,178,24.9,283.6,42.31,4810,68683,7.1,25,3,10,7.2,67.4,83.7,42,28,14,6,0,HubSpot,Salesforce,Google Meet,0,4.1,4.8,4.3,4.4,3,0,7,7,Digital Transformation,Yes,No,3.4,7.4,Entrepreneurship,6.7,2,1.8,Very High,High,Medium,No,3,0,16,6.2,Low,50.69,84.5,61.4,7.3,Significant,Contributed,Yes
MKT-2009,Deepak Banerjee,37,Male,Kolkata,BA (Journalism),Salesforce CRM,Market Research & Insights,Insights Manager,Mid-Level,Contract,Hybrid,4/14/2022,3.2,VP Marketing,560000,8.3,6.9,4.5,7.8,7.2,10,6.1,7.8,6.2,7.2,8.4,5.1,7,7,8,7.54,Exceeds Expectations,Lead Generation,78,60,76.9,2,44,5.7,18.22,4.1,1,127.5,23.3,172.6,11.12,5529,67059,9.1,14,20,0,8.7,96.8,71.8,36,35,1,1,2,Hootsuite,HubSpot,Slack,0,3.4,4.8,3.1,3.77,4,0,0,2,AI in Marketing,No,Yes,0.6,22.2,Domain Expert,9.5,4.9,5,Moderate,Medium,Low,Yes,2,5,32,6.4,High,50.18,81.9,82.5,7.7,Moderate,Not Involved,Yes
MKT-2010,Avni Gupta,50,Female,Bengaluru,BA (Journalism),Salesforce CRM,Market Research & Insights,Data Analyst,Junior,Part-Time,Hybrid,6/23/2019,6,Senior Marketing Manager,540000,4,8.3,4.7,5.4,6.2,5.1,7.5,5.5,6,5.4,5.9,7.3,5.5,4.5,5.7,6.09,Meets Expectations,Digital Reach,66,50,75.8,4,66,10.2,32.81,4.8,18,191,32.7,201.5,1.39,5781,12044,10.2,21,7,7,9,66.5,82.9,88,59,29,25,4,Power BI,Jira,Slack,0,3.6,3.6,3.8,3.67,4,0,5,7,AI in Marketing,No,No,4.7,14.7,Domain Expert,5.7,3.5,3,Low,High,Medium,Yes,1,6,23,7.5,Low,47.39,102.8,57.2,3.6,Moderate,Not Involved,Yes
MKT-2011,Dhruv Kumar,47,Male,Mumbai,MBA (Finance),PMP,Market Research & Insights,Insights Manager,Mid-Level,Full-Time,Hybrid,12/20/2018,6.5,Head of Department,790000,8.6,6.7,6.3,3.1,4.6,7.8,5.6,6.4,4.3,9,6.7,5.6,4.5,6.3,5,6.5,Meets Expectations,Email Performance,85,70,82.4,3,1,12.8,11.66,2.9,15,127.9,33.1,315,27.11,3228,24052,8.5,14,9,2,2.7,64.1,84.3,29,19,10,2,19,Salesforce,Power BI,Google Meet,0,3.6,4.4,3.8,3.93,3,0,3,2,AI in Marketing,No,No,4.1,5.8,Entrepreneurship,7.5,2.9,4.7,Moderate,Low,Medium,No,3,1,0,7.1,Medium,4.34,66.1,54.5,9.9,Moderate,Not Involved,No
MKT-2012,Parth Verma,32,Male,Hyderabad,MBA (Marketing),LinkedIn Marketing,Performance Marketing,Performance Marketing Manager,Senior,Part-Time,Remote,11/24/2016,8.6,Marketing Director,890000,7.8,6.6,7,6.2,5,9.8,6.2,7.5,9.4,10,7.1,9.7,9.1,7.5,10,8.17,Exceeds Expectations,Campaign ROI,69,53,76.8,11,245,23.6,52.38,3.4,11,121.3,46.2,188.3,39.88,7453,5360,8.8,34,19,0,6.9,73.3,56.4,26,19,7,2,15,SEMrush,Salesforce,Slack,9,4.1,2.6,4.9,3.87,3,0,2,4,Data Analytics for Marketers,No,Yes,8.3,13.5,International Exposure,3.7,4.1,4.4,Low,High,Medium,No,1,6,-21,6.9,High,48.7,88.9,79.7,9.2,Minimal,Contributed,Yes
MKT-2013,Brinda Verma,32,Female,Ahmedabad,M.Com,Google Ads,Market Research & Insights,Data Analyst,Junior,Full-Time,Remote,1/23/2024,1.4,Marketing Director,570000,8,8.1,2,5.7,6.1,8.4,6.9,4.2,5.5,9.4,3.2,6.3,2.8,3.8,10,6.78,Meets Expectations,Lead Generation,94,66,70.2,1,74,5.7,14.81,4.2,2,111.7,45.1,229.6,53.88,6245,34917,7.2,28,19,1,7.3,67.6,61.3,88,59,29,19,13,Google Ads,HubSpot,Slack,0,3.4,4,3.8,3.73,2,0,0,6,Project Management,Yes,No,0.5,18.9,Entrepreneurship,5.7,2.8,4.5,Moderate,High,Medium,No,0,0,39,8.9,High,7.02,93.1,58.2,3,Moderate,Reviewed,Yes
MKT-2014,Simran Naidu,40,Female,Chennai,B.Sc (Statistics),PMP,Performance Marketing,Performance Marketing Manager,Senior,Part-Time,Remote,5/14/2020,5.1,Marketing Director,810000,10,9.7,8.1,6.9,10,6.5,5.9,4,8.3,8.2,10,9.3,8.4,6.6,3.4,8.24,Exceeds Expectations,Campaign ROI,94,124,131.9,4,285,13.8,6.08,3.1,18,297.3,42.2,218.7,44.28,6008,49500,8.8,19,15,6,9.9,65.1,61,38,25,13,6,5,Adobe Creative Suite,Canva,Zoom,12,2.7,3.1,4.5,3.43,1,2,1,6,None,No,Yes,3.7,19,International Exposure,8.4,4,2.6,Very High,High,Low,Yes,2,2,19,4,Medium,29.83,59.6,65.5,4.8,Moderate,Not Involved,Yes
MKT-2015,Manish Mehta,41,Male,Ahmedabad,PGDM (Marketing),SEMrush SEO,Digital Marketing,Digital Marketing Executive,Junior,Full-Time,Hybrid,9/9/2015,9.8,Senior Marketing Manager,410000,8.8,10,7,4.6,5.8,5.2,5.5,2.8,4.4,7.8,5.2,7,6,6.9,5.1,6.74,Meets Expectations,Sales Conversion,90,79,87.8,20,434,4.5,30.69,3.7,12,291.7,36.5,293.7,39.27,2363,7845,9.1,6,10,0,5.7,80,60.3,33,26,7,3,14,Hootsuite,Adobe Creative Suite,Slack,0,4.7,3.3,4.6,4.2,4,0,0,1,Digital Transformation,No,No,3.8,10.1,Cross-Functional Move,9.9,2.7,3.4,Moderate,Medium,Medium,Yes,1,5,74,7.5,Medium,16.76,70.3,98.8,5.7,Significant,Not Involved,Yes
MKT-2016,Kavya Reddy,33,Female,Mumbai,B.Com (Hons),Meta Blueprint,Customer Engagement & CRM,Head of CRM,Leadership,Full-Time,Remote,11/25/2021,3.6,Marketing Director,1250000,6.6,8.6,6.9,8,9.5,7.3,7.2,6.6,6,9.5,7.2,6.6,8.8,9.3,9.3,8.09,Exceeds Expectations,Market Share Growth,98,91,92.9,4,15,9.6,26.74,3.4,10,89.2,23.8,293,23.59,1131,24821,7,20,7,0,6.4,97.7,59.3,53,52,1,0,3,Adobe Creative Suite,Canva,Google Meet,9,3.8,3.5,4,3.77,2,9,1,1,AI in Marketing,Yes,Yes,2.4,21.5,Stay in Current Role,8.5,4.3,1.8,High,Medium,Low,No,2,0,44,8.4,Medium,9.77,59.8,57.9,8.2,Moderate,Reviewed,Yes
MKT-2017,Tarun Desai,31,Male,Lucknow,B.Tech,Meta Blueprint,Performance Marketing,Director Performance,Leadership,Full-Time,Hybrid,5/4/2015,10.2,Senior Marketing Manager,1930000,6.7,9.2,6.5,6.2,10,8.8,7.1,5.8,10,7.8,8.7,9.5,7.2,10,6.6,8.28,Exceeds Expectations,Market Share Growth,97,69,71.1,10,262,21.1,15.14,3.9,2,26.6,13.7,315,48.43,4768,45871,6.7,34,20,4,6.6,92.6,92.2,81,75,6,5,16,Mailchimp,Salesforce,Google Meet,8,2.6,3.2,4.2,3.33,2,9,3,1,Advanced Excel,No,Yes,5.2,13.4,Cross-Functional Move,8.9,2.7,4.7,Low,High,Medium,No,3,6,11,8.5,Low,45.89,71.6,79.6,8.9,Minimal,Reviewed,Yes
MKT-2018,Ankit Ghosh,34,Male,Pune,MBA (Finance),SEMrush SEO,Performance Marketing,PPC Executive,Junior,Contract,Hybrid,12/21/2022,2.5,CMO,310000,8.8,4.5,1,6.2,4.6,8,6.7,2.9,5.7,6.4,3.9,4.7,5.7,3.2,4.2,5.67,Meets Expectations,Lead Generation,77,81,105.2,3,203,7.9,42.32,4.5,12,188.5,46.3,168.8,50.79,1485,44285,6.7,0,18,4,9,67.4,84.1,77,52,25,21,16,Power BI,Canva,MS Teams,0,4.9,3.2,3.1,3.73,0,0,2,1,Data Analytics for Marketers,No,No,1.1,13.4,International Exposure,4.4,3.7,3.4,High,Low,Medium,No,2,2,53,3.7,Low,26.57,73.1,56.1,6.6,Significant,Not Involved,Yes
MKT-2019,Brinda Dubey,38,Female,Kolkata,MA (Mass Communication),AWS Cloud Practitioner,Customer Engagement & CRM,Head of CRM,Leadership,Full-Time,Hybrid,3/30/2020,5.3,Senior Marketing Manager,1680000,7.1,8.4,8.6,5.9,9.3,7.2,9.9,10,9,8.5,7.9,6.6,8.1,9.8,7.1,8.44,Exceeds Expectations,Digital Reach,90,66,73.3,3,11,17.8,16.13,5,2,137.8,10.2,176.5,28.85,3635,4679,9.1,8,11,0,4.5,96.8,79.5,82,79,3,0,0,MS Excel,Salesforce,MS Teams,9,4.3,3.6,3.8,3.9,4,4,7,4,Social Media Strategy,Yes,Yes,4.7,13.8,Domain Expert,6.2,4.1,2.2,Moderate,Medium,Low,No,5,3,49,3.4,Medium,20.03,96.9,64.3,8.4,Significant,Executed,No
MKT-2020,Aisha Shukla,23,Female,Jaipur,M.Com,Hootsuite Social Media,Content & Creative,Content Writer,Junior,Full-Time,Remote,3/19/2022,3.3,Senior Marketing Manager,420000,6,6,1.7,6.2,6.4,6.2,5.2,3.5,3.8,5.7,3,3.7,7.6,3.6,2.3,5.09,Below Expectations,Customer Retention,93,77,82.8,7,30,20.1,31.44,3.8,53,8.5,24,300.7,34.41,3520,74227,9.7,26,9,4,5.8,92.3,96.2,14,13,1,1,12,Google Ads,Power BI,MS Teams,0,4.9,4.2,4.9,4.67,2,0,4,2,None,No,No,2.1,11.2,Leadership Role,8.2,3.5,2,Very High,High,Medium,Yes,5,0,78,4.8,Medium,18.01,106.2,75.5,7.3,Significant,Not Involved,Yes
MKT-2021,Harish Desai,51,Male,Kolkata,B.Tech,LinkedIn Marketing,Market Research & Insights,Research Analyst,Junior,Part-Time,On-Site,12/22/2023,1.5,CMO,360000,4.9,5.6,5.7,3.5,5.4,5.2,4.4,4.8,9.5,2,4.5,4.3,2.6,6.9,6.3,5.25,Below Expectations,Sales Conversion,92,102,110.9,0,23,1.8,23.03,4.8,12,13.9,25.4,164.5,58.03,5989,54798,9.8,7,6,4,10,77.3,62.1,19,15,4,1,0,Tableau,Meta Ads Manager,Google Meet,0,4.2,4.9,4.9,4.67,4,0,0,2,Data Analytics for Marketers,No,No,0.8,6.9,Domain Expert,6.9,2.9,2.8,Moderate,High,Medium,No,1,3,-19,3.8,Low,53.54,90.2,65.1,4.8,Minimal,Executed,Yes
MKT-2022,Piyush Shah,23,Male,Surat,B.Sc (Statistics),Salesforce CRM,Performance Marketing,Performance Marketer,Mid-Level,Contract,Remote,11/21/2019,5.6,Senior Marketing Manager,570000,7.2,10,6.8,8.2,8.7,6.2,5,5.3,5.4,9.7,4.7,6.6,6,7,4.1,7.23,Exceeds Expectations,Campaign ROI,88,121,137.5,11,457,14.8,28.91,4.6,1,9.5,31.5,80.6,15,5003,41594,7.1,27,5,1,7.6,63.2,57.9,39,25,14,1,9,Mailchimp,Tableau,Zoom,0,3.6,4,3.5,3.7,0,0,6,0,Social Media Strategy,No,No,2.4,8.2,Stay in Current Role,5,3.1,4.1,Moderate,High,Medium,Yes,4,6,25,5.3,Medium,27.26,77.9,53.7,6.1,Moderate,Contributed,Yes
MKT-2023,Ankit Dubey,26,Male,Mumbai,B.Tech,Meta Blueprint,Digital Marketing,Digital Marketing Executive,Junior,Full-Time,On-Site,2/18/2017,8.4,Senior Marketing Manager,280000,5.5,7.8,6.3,5.9,8.8,6.4,6.9,4,4.9,8.6,4.8,6.3,3.4,4.8,6.6,6.59,Meets Expectations,Content Engagement,94,79,84,2,335,5.4,11.52,3.8,16,220.1,20.1,203,18.95,846,9392,7.1,7,9,8,4,78.6,73.9,23,18,5,2,0,Asana,Google Ads,Slack,0,4.1,3.9,3.3,3.77,0,0,5,1,Leadership Skills,No,No,4.9,14.3,Leadership Role,6,4.8,2.8,High,Low,Low,Yes,5,4,35,5.7,Medium,40.95,85.3,50.6,8,Minimal,Executed,Yes
MKT-2024,Ravi Sen,26,Male,Bengaluru,B.Com (Hons),LinkedIn Marketing,Sales Enablement,Sales Enablement Executive,Junior,Full-Time,On-Site,11/8/2018,6.6,CMO,280000,4.3,5.8,4.4,6.3,10,1.7,3.9,4.9,7.1,5.8,2.9,3.8,9.9,4.9,5.3,5.49,Below Expectations,Lead Generation,84,104,123.8,7,301,11.2,31.43,3.5,16,45.5,42,260,8,1596,51359,9.8,8,10,10,5.1,71.1,56.5,40,28,12,8,0,Tableau,Jira,Slack,0,3.2,4.6,3.2,3.67,4,0,0,6,Effective Communication,No,No,2.1,11.4,Stay in Current Role,6,2.2,4.4,Moderate,High,Medium,No,5,1,44,4.1,Medium,39.2,58.4,97.3,7.8,Significant,Not Involved,Yes
MKT-2025,Brinda Subramaniam,52,Female,Bengaluru,B.Tech,AWS Cloud Practitioner,Content & Creative,Creative Manager,Senior,Part-Time,Remote,12/24/2022,2.5,Marketing Director,1000000,7.4,9.5,3.5,6,7.9,5.8,10,8,3.2,5.8,9.6,9.2,8.1,9.5,5.7,7.47,Exceeds Expectations,Customer Retention,86,98,114,7,39,20.8,42.43,3.9,17,112.6,43.6,325.3,8.76,2802,35663,10.2,2,0,1,7.3,64.3,88.3,68,44,24,5,2,MS Excel,Power BI,Zoom,10,4.9,2.9,3.7,3.83,4,5,6,3,Data Analytics for Marketers,No,No,1.8,8,Leadership Role,7.4,4.7,2.6,Low,High,Low,No,1,4,58,5.8,Medium,9.97,87,95.8,8.4,Significant,Reviewed,Yes
MKT-2026,Gauri Nanda,43,Female,Chennai,B.Sc (Statistics),None,Performance Marketing,Campaign Analyst,Junior,Contract,On-Site,8/28/2020,4.8,Head of Department,430000,8.4,5.7,3.9,5.4,7.1,4.5,4.7,5.2,9.3,7.5,4.1,8.5,2.8,2.6,5.4,6.22,Meets Expectations,Digital Reach,76,58,76.3,5,257,2.8,21.89,4.3,14,33.9,12.2,230.1,32.68,5260,63739,9.6,29,18,10,6.7,60.7,59.7,74,45,29,7,0,Asana,HubSpot,Google Meet,0,4.7,3.6,3.3,3.87,3,0,7,5,Data Analytics for Marketers,No,No,1,6.4,Stay in Current Role,7,4,4.7,Moderate,High,Low,Yes,4,3,4,7.3,Low,10.36,84.6,68.3,2.7,Minimal,Not Involved,Yes
MKT-2027,Kavya Bhat,40,Female,Surat,MBA (Finance),Content Marketing Institute,Digital Marketing,Social Media Manager,Mid-Level,Full-Time,Hybrid,1/12/2016,9.5,Head of Department,570000,8.1,9,5.7,3.7,8.3,6.9,6.3,7.1,9,6.7,4.6,3.7,5.7,7.5,7.1,7.12,Exceeds Expectations,Campaign ROI,67,85,126.9,6,499,15.6,46.05,4.3,14,288.2,44.8,247,8.29,1518,13783,7.9,20,9,6,9.3,86.3,55.1,26,22,4,4,9,Tableau,Canva,Google Meet,0,5,4.8,3.7,4.5,1,0,2,7,Leadership Skills,Yes,No,6.2,10.6,International Exposure,6.1,2,3.8,High,Medium,Medium,No,4,0,79,6.7,Medium,1.8,66.7,96.7,8.6,Moderate,Not Involved,Yes
MKT-2028,Shruti Sen,39,Female,Ahmedabad,B.Tech,Google Ads,Public Relations,PR Executive,Junior,Contract,On-Site,4/2/2016,9.2,Head of Department,420000,5.8,4.1,8.1,8.6,5.1,7.1,4.4,2.7,3.2,6.5,1.7,5.5,6.3,2.8,6.4,5.61,Meets Expectations,Digital Reach,86,58,67.4,5,54,4.3,17.38,3.2,14,117.1,13.2,291.5,50.64,6972,63206,6.6,26,17,4,6,93.5,75.6,42,39,3,0,0,Jira,MS Excel,MS Teams,0,3.2,4.8,3.5,3.83,0,0,7,3,Project Management,No,No,7.4,18.2,Domain Expert,7.7,3.2,4.2,High,High,Medium,Yes,2,3,15,5.7,Low,2.76,79.5,99.7,4.4,Moderate,Contributed,No
MKT-2029,Ankit Singh,50,Male,Lucknow,BBA,AWS Cloud Practitioner,Brand & Communications,Brand Executive,Junior,Full-Time,Hybrid,6/26/2019,6,Senior Marketing Manager,410000,6.7,3.9,5.6,7.7,5.7,9,6.1,3.6,5.6,6,5.3,8,7.2,7.3,7.7,6.55,Meets Expectations,Market Share Growth,88,82,93.2,14,94,12.4,18.56,3.4,4,215,11.3,81.6,56.78,4822,59447,8.6,5,13,0,5.3,63.5,94.6,76,48,28,19,12,Jira,Salesforce,MS Teams,0,3.3,4.3,3,3.53,0,0,5,6,Digital Transformation,No,No,0.7,5.5,Stay in Current Role,7.1,2.7,1.6,Moderate,Medium,Medium,No,5,2,15,2.3,Medium,4.88,82.8,74.8,4.9,Moderate,Contributed,No
MKT-2030,Yash Nanda,48,Male,Kolkata,B.Com (Hons),Hootsuite Social Media,Market Research & Insights,Data Analyst,Junior,Contract,Remote,6/8/2019,6.1,VP Marketing,420000,8.2,6.4,5,5.3,5.9,7,4.4,4,4.6,5.2,6.6,3.6,1,4.8,5.3,5.76,Meets Expectations,Customer Retention,81,98,121,8,31,22.2,8.83,3.8,11,251.9,16.7,173.6,59.97,2854,67599,6.6,21,17,4,8.1,58,74.3,42,24,18,16,6,Jira,Asana,Google Meet,0,2.9,3.9,3.4,3.4,2,0,6,0,Social Media Strategy,No,No,4.2,19.6,Entrepreneurship,5.3,2.7,3.7,Very High,High,Medium,No,3,1,42,6.2,Medium,13.77,82.7,66.3,5,Moderate,Not Involved,Yes
MKT-2031,Sahil Varma,38,Male,Kolkata,PGDM (Marketing),Salesforce CRM,Public Relations,PR Manager,Mid-Level,Contract,Hybrid,10/20/2024,0.7,CMO,760000,7.5,8.2,8.6,7.6,10,10,8.2,6.3,6.2,6.1,6,8.7,7.1,6,2.6,7.71,Exceeds Expectations,Brand Awareness,85,107,125.9,6,20,8.5,23.96,4.2,10,98,13.5,210.4,5.8,2487,72533,7.8,23,2,2,7.4,85.7,93.5,44,38,6,3,7,Salesforce,Canva,MS Teams,0,3.6,3.2,3.6,3.47,0,0,0,6,Project Management,No,No,0.6,15.8,Domain Expert,6.2,3.1,3.5,Moderate,High,Medium,No,0,5,-4,4.4,Medium,23.58,61.6,85.3,7.5,Significant,Not Involved,Yes
MKT-2032,Piyush Mukherjee,39,Male,Delhi,BBA,Salesforce CRM,Performance Marketing,Performance Marketing Manager,Senior,Part-Time,Hybrid,4/5/2018,7.2,Head of Department,1000000,6.9,7,7.3,8.9,9.8,9.1,6.3,9.2,8,5,9.9,9.4,5.5,5.8,6.8,7.91,Exceeds Expectations,Email Performance,69,68,98.6,11,165,5.4,21.11,3.9,11,137.9,12.1,185.6,25.15,210,4364,8.4,5,13,1,7.2,50.5,98.8,85,43,42,20,5,Adobe Creative Suite,MS Excel,Slack,6,2.5,4.6,4.7,3.93,0,8,4,0,Leadership Skills,No,Yes,5.7,19.2,International Exposure,10,4.1,1.9,High,Low,Low,No,0,0,63,6.9,High,39.53,100.5,67.9,10,Minimal,Not Involved,Yes
MKT-2033,Anjali Choudhary,23,Female,Jaipur,B.Tech,HubSpot Marketing,Digital Marketing,Digital Marketing Executive,Junior,Full-Time,Remote,3/4/2020,5.3,Senior Marketing Manager,380000,6.8,7.6,6.2,5.2,7.6,7,9.4,4.2,7.5,6,4.6,7,7.3,7.3,7.1,7.1,Exceeds Expectations,Sales Conversion,83,87,104.8,17,81,17.2,10.99,3.5,18,42.7,34.6,319.2,44.54,3200,79835,9.8,17,14,7,4,64.8,76.9,79,51,28,22,19,Jira,Meta Ads Manager,Zoom,0,2.8,4.8,4.1,3.9,3,0,0,3,Data Analytics for Marketers,Yes,No,4.8,23.3,Cross-Functional Move,3.7,4.5,2.2,Moderate,High,Medium,No,4,0,-5,7.2,Medium,38.76,74.1,69.6,7.3,Minimal,Contributed,Yes
MKT-2034,Preeti Nair,28,Female,Hyderabad,BBA,SEMrush SEO,Brand & Communications,VP Brand,Leadership,Full-Time,On-Site,2/5/2022,3.4,Head of Department,1390000,8.6,7.3,8.1,8.1,6.7,8,10,5.3,8.7,7.2,7.2,7.6,10,6.8,3,7.9,Exceeds Expectations,Customer Retention,84,56,66.7,7,88,9.8,8.86,3.4,10,288.6,34.2,307.7,43.56,5833,76051,9.5,12,8,5,8.3,96.4,71.1,42,40,2,1,0,HubSpot,SEMrush,Google Meet,4,2.7,3.8,4,3.5,2,5,7,3,Digital Transformation,No,Yes,2.2,18.9,Cross-Functional Move,5,4.2,2.4,Moderate,Medium,Medium,Yes,5,0,-5,6.6,Low,38.08,60.1,57.9,5.8,Moderate,Executed,Yes
MKT-2035,Siddharth Sharma,21,Male,Surat,B.Sc (Statistics),Meta Blueprint,Market Research & Insights,Head of Research,Leadership,Full-Time,On-Site,2/4/2018,7.4,VP Marketing,1830000,6.5,8.8,6.2,8.7,7.8,5.3,10,6.4,8,6.1,5.5,7.2,5.2,7.5,6.6,7.45,Exceeds Expectations,Digital Reach,69,71,102.9,1,15,7.5,40.71,3.2,3,45.4,19.6,247.3,16.48,3794,78880,9.2,31,17,4,6.9,87.3,73.4,33,29,4,1,0,Hootsuite,Asana,Zoom,10,4,3,3.1,3.37,4,9,4,5,Negotiation & Persuasion,No,No,1.8,22.6,Entrepreneurship,7.4,3.5,4.8,Very High,High,Medium,No,3,2,-4,10,Medium,12.96,68.4,58,7.7,Significant,Contributed,Yes
MKT-2036,Payal Ghosh,43,Female,Jaipur,B.Sc (Statistics),PMP,Sales Enablement,Sales Enablement Executive,Junior,Full-Time,Remote,5/10/2020,5.1,Marketing Director,410000,7.1,6.8,5.4,3.4,6.3,5.9,2,3,5.1,5.9,5.7,8.7,7.8,4.1,3.1,5.67,Meets Expectations,Brand Awareness,82,121,147.6,1,77,23.4,34.32,4.8,0,277,34,92.9,12.58,6603,46427,6.8,31,4,10,8.3,68.2,64.7,57,39,18,13,22,SEMrush,Adobe Creative Suite,Google Meet,0,3.5,4.2,3.3,3.67,2,0,0,4,Advanced Excel,Yes,No,2.8,4.3,Stay in Current Role,8,4.4,2.2,High,High,Low,No,0,6,-28,4.2,Low,32.52,60.1,94.2,8.6,Minimal,Reviewed,No
MKT-2037,Zain Ghosh,35,Male,Nagpur,B.Sc (Statistics),Salesforce CRM,Sales Enablement,Sales Analyst,Junior,Full-Time,On-Site,3/20/2021,4.3,Marketing Director,580000,5,5.2,1,5.9,7.7,4.2,6.2,6,3.6,2.7,3.5,5,7.5,3.8,6.8,5.08,Below Expectations,Email Performance,80,62,77.5,5,71,6.6,4.11,3.4,12,185.8,41.1,154.6,37.25,4924,11973,10.2,35,19,5,5.2,87.3,63.1,18,16,2,2,0,Meta Ads Manager,Salesforce,Zoom,0,4.7,4.6,4.6,4.63,3,0,4,4,Negotiation & Persuasion,No,No,3.7,4.8,Cross-Functional Move,6.5,2.7,4.5,Low,High,Medium,No,5,5,21,5.1,Medium,18.31,72.2,50.2,5.4,Moderate,Contributed,Yes
MKT-2038,Kiara Agarwal,38,Female,Hyderabad,B.Com (Hons),SEMrush SEO,Customer Engagement & CRM,CRM Manager,Senior,Part-Time,Hybrid,3/20/2016,9.3,VP Marketing,870000,8.4,10,7.3,10,10,8.9,6.8,8.9,9.1,9.7,10,8,6.4,5.3,9.1,9.1,Outstanding,Lead Generation,84,71,84.5,3,27,12.3,11.32,5,16,240.5,23.9,126.8,15.94,4834,20161,8.6,9,6,7,8.4,50.7,76.1,63,32,31,11,12,MS Excel,Power BI,Google Meet,15,3.8,3.8,4.3,3.97,2,5,3,2,Project Management,Yes,Yes,5.8,4.2,Entrepreneurship,10,2.7,3.7,Moderate,Medium,Medium,Yes,1,4,28,7.2,Medium,5,75.7,58.2,5.3,Moderate,Contributed,Yes
MKT-2039,Neha Pillai,23,Female,Pune,MBA (Marketing),Google Ads,Public Relations,PR Manager,Mid-Level,Part-Time,Hybrid,7/23/2018,6.9,CMO,530000,6.9,7.9,8.2,5.3,6.2,8.3,7.3,7.8,7.8,8.8,6.7,5.9,7.3,6.1,7.2,7.56,Exceeds Expectations,Customer Retention,74,108,145.9,2,87,19.8,23.55,4.5,51,12.2,20.1,155.3,10.04,7873,47333,8,0,19,0,5.4,90.4,97.4,41,37,4,4,16,HubSpot,Adobe Creative Suite,Google Meet,0,3,3.8,4.1,3.63,1,0,1,5,Data Analytics for Marketers,No,Yes,3.6,14,International Exposure,7.4,3.3,2.6,High,Low,Medium,No,4,0,74,6.3,Medium,26.63,98.5,58.3,9.9,Moderate,Executed,Yes
MKT-2040,Abhinav Desai,41,Male,Ahmedabad,BBA,Meta Blueprint,Sales Enablement,Director Sales Enablement,Leadership,Full-Time,Remote,9/3/2019,5.8,Head of Department,1310000,8.6,8.6,8.4,7.8,8.2,6.5,6.7,9.3,9.4,9.9,8.1,6.2,9.5,9,7,8.5,Outstanding,Lead Generation,87,116,133.3,8,341,5.7,30.79,4.7,0,187.6,24.5,109.4,37.59,3764,31329,10.2,31,12,3,7.5,69.8,75,33,23,10,1,12,Canva,Jira,Google Meet,8,4.3,4.6,4.3,4.4,0,11,0,2,Digital Transformation,Yes,Yes,4.6,24.5,International Exposure,7.7,4.8,3.1,Very High,High,Low,No,5,6,-9,9.4,Medium,25.06,60.3,71.2,8.2,Minimal,Executed,Yes
MKT-2041,Parth Dubey,41,Male,Mumbai,B.Sc (Statistics),LinkedIn Marketing,Public Relations,PR Executive,Junior,Full-Time,Hybrid,9/2/2017,7.8,CMO,440000,3.7,9.2,5.6,5.3,5.7,6.9,7,4,6.5,3.5,5.9,9.5,9.5,4.7,7.1,6.47,Meets Expectations,Email Performance,84,122,145.2,8,67,5.1,42.44,5,15,276.5,8.1,300.3,59.87,1964,13182,7.2,33,2,9,5.2,89.5,78.7,38,34,4,3,4,MS Excel,Mailchimp,Zoom,0,3.5,3.7,3.6,3.6,4,0,3,1,AI in Marketing,Yes,No,5.4,18.7,Entrepreneurship,8.2,2.3,3.9,Low,High,Medium,Yes,0,5,-20,6,High,38.17,99.9,93.8,8.4,Significant,Executed,Yes
MKT-2042,Shruti Kulkarni,45,Female,Lucknow,BBA,SEMrush SEO,Sales Enablement,Sales Enablement Executive,Junior,Full-Time,Remote,6/19/2016,9,CMO,350000,2.3,6.7,7.4,6.3,5,7.8,5.7,3.9,9.1,6.4,8.8,5.3,9,6.8,2.9,6.27,Meets Expectations,Sales Conversion,100,111,111,2,169,21.8,23.89,2.8,8,80,29.5,183.5,2.5,1833,31783,7.7,3,3,10,6.6,58.6,73.2,33,19,14,3,0,Asana,Adobe Creative Suite,Slack,0,4,3.9,4.8,4.23,1,0,5,5,Leadership Skills,Yes,No,6.9,22,Cross-Functional Move,8.8,2.7,1.6,High,Low,Medium,No,2,4,-7,5,Medium,44.17,82.8,83.9,3.8,Minimal,Reviewed,Yes
MKT-2043,Vikram Tiwari,35,Male,Hyderabad,M.Com,LinkedIn Marketing,Brand & Communications,Brand Manager,Senior,Full-Time,Remote,5/23/2021,4.1,Senior Marketing Manager,930000,5.1,4.7,6.8,9.4,10,10,9.7,10,10,7.3,6,7.6,8.2,6.5,5,7.84,Exceeds Expectations,Customer Retention,94,93,98.9,13,71,4.6,47.35,3.8,40,20.8,34.4,334,41.67,1401,68269,8.1,29,3,5,6.5,67.7,62,30,20,10,3,9,SEMrush,Canva,Slack,8,4.1,4,3.7,3.93,1,8,2,4,AI in Marketing,Yes,Yes,3.8,23.4,Domain Expert,5.9,4.2,2.6,Moderate,High,Low,Yes,4,1,26,6.4,Medium,13.65,59.3,98.6,7.5,Moderate,Contributed,Yes
MKT-2044,Natasha Kapoor,43,Female,Delhi,MA (Mass Communication),Content Marketing Institute,Customer Engagement & CRM,CRM Executive,Junior,Full-Time,Remote,3/9/2017,8.3,CMO,340000,7.3,4.7,6.3,4.3,7.6,4.7,4.6,7.4,8.2,5.8,6.7,7.1,6.7,4.5,5.5,6.29,Meets Expectations,Sales Conversion,82,60,73.2,8,43,2.7,31.08,4.2,14,25,10,311,42.79,7047,11181,6.7,10,8,5,5.9,60.9,77.5,38,23,15,4,12,Mailchimp,Adobe Creative Suite,Zoom,0,3,3.5,4.2,3.57,3,0,5,3,Negotiation & Persuasion,No,No,2.4,20.6,Entrepreneurship,5.5,3.8,3.4,Very High,High,Low,No,2,3,-12,7.9,High,28.37,68.9,95.6,4.1,Significant,Reviewed,No
MKT-2045,Nisha Bose,46,Female,Pune,BA (Journalism),LinkedIn Marketing,Digital Marketing,Digital Marketing Manager,Senior,Full-Time,Hybrid,10/10/2021,3.7,Head of Department,1140000,4.4,8.8,5.1,9,6.4,10,5.9,7.6,8.9,6.4,7.2,8.1,8.2,9.2,9,7.71,Exceeds Expectations,Email Performance,75,58,77.3,11,267,10.3,33.38,2.9,6,87.8,44.3,237.5,20.19,5792,56354,7,30,8,6,5.7,60,78.4,28,17,11,7,7,HubSpot,Tableau,Slack,6,4.8,4,3.9,4.23,4,7,6,4,Design Thinking,No,Yes,2,11.2,Stay in Current Role,9.7,4.6,3.9,Low,High,Low,No,1,0,43,9.4,Medium,9.84,89.5,62.2,8.3,Minimal,Not Involved,Yes
MKT-2046,Tara Subramaniam,46,Female,Mumbai,MBA (Marketing),Google Ads,Digital Marketing,SEO Analyst,Junior,Full-Time,On-Site,8/22/2018,6.9,Senior Marketing Manager,580000,8.9,5.5,5.8,7.3,6.9,7.4,4.4,6,8,6.2,8.1,7.3,7.2,7,3.6,6.91,Meets Expectations,Email Performance,66,95,143.9,2,424,21,4.38,3.6,8,158.5,32.1,129.3,14.95,226,78591,8.1,14,19,4,9.4,67.5,62.5,32,22,10,2,0,Hootsuite,Canva,Zoom,0,2.5,3.4,3.9,3.27,0,0,4,3,Negotiation & Persuasion,No,No,2.2,17.6,International Exposure,2.9,3.1,4.6,Moderate,Low,Medium,Yes,1,6,22,7.1,Low,47.65,104.5,75.8,5.9,Significant,Reviewed,Yes
MKT-2047,Vrinda Yadav,27,Female,Hyderabad,B.Sc (Statistics),Google Ads,Brand & Communications,Communications Manager,Mid-Level,Full-Time,Remote,4/4/2020,5.2,Head of Department,740000,5.6,4.7,6.9,6.3,7.1,8.6,7.7,6.6,6.5,8.4,7.9,4.8,9.1,2.7,8.9,7.09,Exceeds Expectations,Market Share Growth,68,102,150,12,93,4.2,7.47,3.6,61,114,18.1,286.3,58.15,357,51165,9,17,10,5,7.6,69.1,64.9,84,58,26,25,3,Adobe Creative Suite,Meta Ads Manager,MS Teams,0,2.6,4.1,3.9,3.53,1,0,0,0,Advanced Excel,No,No,2.9,24,Cross-Functional Move,7.1,4.5,4.6,Low,Medium,Low,No,5,0,42,8.6,Medium,22.9,86.8,57.5,8.8,Minimal,Contributed,Yes
MKT-2048,Manish Bose,29,Male,Mumbai,B.Com (Hons),Google Ads,Sales Enablement,Sales Enablement Executive,Junior,Part-Time,On-Site,8/27/2016,8.8,VP Marketing,420000,8.3,5.8,7.2,6.9,7.1,7.9,7.8,3.1,7.2,6.5,5,6.8,7.3,2.6,6.5,6.99,Meets Expectations,Lead Generation,90,82,91.1,7,378,8.3,36.36,3.4,2,161.1,18.2,224.6,4.22,2926,56765,8.5,29,11,8,7.4,55.7,55,35,19,16,11,0,MS Excel,Mailchimp,Zoom,0,3.5,3.5,4.7,3.9,2,0,2,0,Social Media Strategy,No,No,1.3,16.1,Leadership Role,6.4,2.8,2,Moderate,High,Medium,No,1,3,-10,8.9,High,46.94,70.2,53.4,1,Significant,Reviewed,Yes
MKT-2049,Dhruv Desai,37,Male,Nagpur,BBA,PMP,Sales Enablement,Sales Analyst,Junior,Full-Time,On-Site,4/2/2022,3.2,CMO,520000,4.7,4.4,5.1,5.8,2.9,2.1,5.9,7,3.9,4.4,2.7,8.3,5.4,8.5,5.9,5.02,Below Expectations,Content Engagement,95,102,107.4,7,498,5.9,45.65,4.3,7,279.7,35.9,187.4,13.27,1022,53394,8,30,0,10,7.8,50.9,79.9,16,8,8,7,0,Salesforce,Adobe Creative Suite,Slack,0,4.8,3.6,4.1,4.17,4,0,0,5,Leadership Skills,No,No,1.6,21.7,Entrepreneurship,5.9,2.2,2.2,High,High,Medium,No,4,4,31,2.8,High,35.85,91.6,60.8,3.2,Minimal,Executed,Yes
MKT-2050,Rahul Shah,38,Male,Nagpur,B.Tech,LinkedIn Marketing,Customer Engagement & CRM,Customer Success Associate,Junior,Full-Time,Remote,7/9/2022,3,CMO,520000,7.4,5.9,6.6,6.6,9.4,6.4,6.6,4.6,7.1,5.5,4,9.7,3.8,1.9,5.1,6.57,Meets Expectations,Sales Conversion,96,81,84.4,7,60,4.6,31.12,3.1,2,105.4,41.2,210.7,47.73,2398,13494,7.2,29,0,7,7.8,77.7,95.2,48,37,11,2,12,Meta Ads Manager,Asana,Slack,0,4.7,3.4,4.5,4.2,0,0,2,4,Advanced Excel,Yes,No,2.1,24.7,Domain Expert,9,3.4,2,Very High,High,Medium,Yes,0,4,47,6,Medium,28.07,84,73.4,5.6,Minimal,Reviewed,Yes
MKT-2051,Sneha Kapoor,39,Female,Pune,PGDM (Marketing),AWS Cloud Practitioner,Digital Marketing,Digital Marketing Manager,Senior,Contract,Hybrid,8/2/2020,4.9,VP Marketing,1080000,3.4,8.6,7,9.4,6.9,8.9,6.3,6.6,9.3,6.6,7.3,7.1,9.5,8.6,6.3,7.52,Exceeds Expectations,Customer Retention,99,109,110.1,16,40,22.4,19.29,4.8,7,260.9,24.8,133.4,55.81,6737,6298,10.8,20,16,6,5.1,99.4,96.3,34,34,0,0,17,HubSpot,Jira,Google Meet,1,4.3,4.3,4.9,4.5,1,11,5,1,Design Thinking,Yes,Yes,3.8,13.4,Entrepreneurship,7,3.4,2.2,Very High,High,Medium,No,2,2,-14,8.1,Low,7.37,58.3,62.5,6.4,Moderate,Contributed,Yes
MKT-2052,Siddharth Singh,41,Male,Jaipur,B.Sc (Statistics),SEMrush SEO,Customer Engagement & CRM,CRM Manager,Senior,Part-Time,On-Site,5/28/2021,4.1,Marketing Director,900000,6,10,8.1,7.9,7.1,5,5.4,7,3.8,6.6,7,9.3,5.7,3,4,6.83,Meets Expectations,Email Performance,92,98,106.5,3,100,20.5,32.42,3.3,16,293.6,31.4,260.2,16.77,7051,58135,7.4,19,10,9,5.5,92.8,56.8,77,71,6,3,0,Power BI,HubSpot,Google Meet,4,2.8,3.9,4.9,3.87,1,9,7,2,Data Analytics for Marketers,No,No,1.1,16.2,International Exposure,8.1,2.9,4.2,Very High,High,Medium,No,2,1,70,5.3,High,18.04,100.3,53.4,3.7,Minimal,Reviewed,No
MKT-2053,Sonali Sen,29,Female,Pune,B.Sc (Statistics),HubSpot Marketing,Digital Marketing,SEO Analyst,Junior,Full-Time,Hybrid,3/1/2019,6.3,Senior Marketing Manager,520000,6,9.1,6.5,4.1,9.6,4.2,7.5,6.1,6.1,5.9,7.5,6.7,8.3,7.3,5.8,6.96,Meets Expectations,Market Share Growth,72,65,90.3,3,38,17.6,22.75,4.5,15,287.7,32.5,337.3,19.2,304,78969,8.6,20,5,9,6.6,83.1,74,55,46,9,6,4,Mailchimp,Google Ads,Slack,0,3.1,4.5,3.2,3.6,2,0,1,6,Data Analytics for Marketers,No,No,3.7,20.3,International Exposure,6.7,2.4,4.5,Very High,High,Medium,No,1,0,27,7.4,Low,7.61,91.4,61,6,Minimal,Executed,Yes
MKT-2054,Tanvi Verma,52,Female,Pune,MBA (Finance),Google Analytics,Brand & Communications,VP Brand,Leadership,Full-Time,On-Site,11/29/2015,9.6,VP Marketing,1780000,6.7,10,4.1,9.8,8.8,8.7,10,8.6,6.9,5.8,5.6,6.4,6.1,10,6.4,7.93,Exceeds Expectations,Lead Generation,89,72,80.9,10,9,9.2,20.64,3,65,88,26.9,127.9,13.8,446,70550,8.1,13,18,0,6.1,94.7,66.9,54,51,3,3,0,HubSpot,Hootsuite,MS Teams,3,2.9,4.4,3,3.43,3,6,2,5,Negotiation & Persuasion,No,Yes,3.1,14.6,Leadership Role,10,2.8,3,High,Low,Medium,No,1,2,51,8,Low,44.41,104.3,70.7,6.2,Minimal,Executed,Yes
MKT-2055,Rohan Naidu,37,Male,Chennai,M.Com,Google Analytics,Market Research & Insights,Research Analyst,Junior,Full-Time,Remote,5/15/2015,10.1,Head of Department,320000,8.4,6.7,3,3.8,4.8,7.2,8.2,6.3,8.6,9.6,6,6.3,5.8,6.9,8,7.08,Exceeds Expectations,Lead Generation,95,113,118.9,7,78,6,43.08,4,2,241.7,42.1,102.7,42.87,6374,47011,10.6,2,16,7,10,58.5,84.9,12,7,5,5,11,SEMrush,Canva,Zoom,0,4.3,3.5,4,3.93,2,0,1,7,Design Thinking,No,No,5,14.9,International Exposure,4.7,2.7,3.7,Moderate,High,High,No,1,5,-23,10,Medium,0.71,60.4,94.9,7.1,Moderate,Reviewed,No
MKT-2056,Prateek Bhat,52,Male,Chennai,M.Com,Google Analytics,Brand & Communications,VP Brand,Leadership,Part-Time,Hybrid,7/7/2023,2,CMO,1710000,8.2,10,7.5,9.5,9.9,5.7,4.3,6.5,9.7,8.8,8.5,6.5,8.1,10,8.8,8.49,Exceeds Expectations,Content Engagement,96,96,100,5,91,6.9,13.42,3.6,8,237.5,27.5,234.7,57.49,3373,18366,9.7,21,9,6,9.2,62.4,76.8,37,23,14,7,15,HubSpot,Canva,Slack,4,4.4,3.7,3.8,3.97,2,10,1,3,Advanced Excel,No,Yes,1.4,4.9,International Exposure,6.8,2.5,3,Moderate,High,Medium,No,5,3,33,6.4,Low,48.75,90.6,63.2,6.4,Minimal,Reviewed,Yes
MKT-2057,Tarun Chandra,26,Male,Ahmedabad,MA (Mass Communication),HubSpot Marketing,Digital Marketing,Digital Marketing Executive,Junior,Full-Time,Remote,10/8/2016,8.7,Head of Department,300000,6.8,10,6.6,3,5.9,6.2,4.2,3.9,7,8.6,5.5,5.6,5,5.8,6.2,6.59,Meets Expectations,Content Engagement,68,107,157.4,10,90,8.1,45.1,3.2,9,18.9,30.6,317.4,26.57,5118,5834,8.4,13,0,1,4.2,62.9,63.2,69,43,26,7,14,Asana,SEMrush,MS Teams,0,3.6,3.9,4.2,3.9,2,0,2,7,Negotiation & Persuasion,Yes,No,1.1,24,Domain Expert,5.7,3.3,4.7,Moderate,Low,Medium,No,3,0,-3,8.6,High,22.99,97.1,88.7,10,Significant,Contributed,Yes
MKT-2058,Siddharth Desai,54,Male,Chennai,B.Tech,LinkedIn Marketing,Performance Marketing,Director Performance,Leadership,Full-Time,On-Site,2/3/2024,1.4,Marketing Director,1730000,6.5,9.9,8,5.6,7.5,7,4.6,9.1,9.9,4.8,6,3,6.3,7.9,9.1,7.35,Exceeds Expectations,Lead Generation,68,54,79.4,5,174,13.2,20.7,4.2,8,163.3,46.1,188.4,30.68,813,20508,7.7,5,1,3,3.7,75.2,88.3,14,11,3,0,0,Mailchimp,Hootsuite,Google Meet,6,4,4.8,3.9,4.23,4,2,7,6,Digital Transformation,Yes,No,1,13.6,International Exposure,7.8,3.3,3,High,Low,Medium,No,5,0,16,5.9,Low,50.34,70.8,88.1,10,Moderate,Contributed,Yes
MKT-2059,Payal Kapoor,51,Female,Kolkata,PGDM (Marketing),None,Brand & Communications,Brand Strategist,Junior,Full-Time,On-Site,9/19/2023,1.8,Senior Marketing Manager,480000,2.8,5.9,6.7,7.4,4.4,5,3.2,5,7.4,4.8,6.8,6.4,5,2.5,6,5.46,Below Expectations,Sales Conversion,91,85,93.4,16,51,14.4,30.21,3.5,61,299.1,45.9,168.5,3.93,4195,11732,7.6,17,1,3,9.1,52.6,80.8,18,9,9,0,0,Tableau,Google Ads,MS Teams,0,4.8,3,4.5,4.1,3,0,4,1,AI in Marketing,No,No,0.8,5.9,Leadership Role,5.1,2.1,4.9,High,Medium,Medium,No,5,6,26,7.8,High,45.26,93.6,64,5.9,Significant,Not Involved,Yes
MKT-2060,Ritika Rajan,46,Female,Chennai,M.Com,PMP,Public Relations,Senior PR Manager,Senior,Full-Time,Hybrid,9/17/2024,0.8,Marketing Director,1020000,6.7,10,6.4,6.2,6.8,9.3,7.4,7,8.2,10,8.8,5.7,6.3,6.8,9.6,8.19,Exceeds Expectations,Digital Reach,75,99,132,8,49,13.7,41.15,2.8,2,65.9,13.8,113.2,10.55,762,79591,7.8,7,6,1,7.4,60.4,75,38,23,15,1,10,HubSpot,Adobe Creative Suite,Slack,3,4.5,4.9,4.4,4.6,1,10,0,7,Design Thinking,Yes,No,0.6,13.7,Stay in Current Role,5.1,2.8,4.2,Moderate,Low,Medium,No,0,2,32,7.9,High,19.12,103.2,92,5.5,Minimal,Reviewed,Yes
MKT-2061,Ravi Chandra,34,Male,Chennai,B.Sc (Statistics),Salesforce CRM,Sales Enablement,Sales Enablement Executive,Junior,Full-Time,On-Site,4/1/2015,10.3,VP Marketing,380000,6.4,5.6,3.7,4.8,4.2,5.1,6.2,7.1,5.3,7.4,7.6,4.6,5.3,6.3,7.3,6.02,Meets Expectations,Lead Generation,90,107,118.9,7,241,16.2,49.14,2.9,17,252.7,40.2,324.8,0.67,679,59168,9.7,31,11,7,10,93.8,86.7,17,16,1,0,0,Power BI,Adobe Creative Suite,Google Meet,0,3.1,3.6,3.2,3.3,3,0,3,4,Digital Transformation,Yes,No,6.8,21.1,Entrepreneurship,8.5,3.9,4.4,Low,High,Low,Yes,1,5,56,7.1,Medium,9.12,82.8,94.6,6.3,Moderate,Reviewed,Yes
MKT-2062,Preeti Patel,29,Female,Pune,B.Com (Hons),SEMrush SEO,Public Relations,Head of PR,Leadership,Full-Time,Hybrid,2/3/2024,1.4,Senior Marketing Manager,1380000,6.3,8.7,7.6,8.7,9,7.4,5.7,5.5,8.7,7.1,8.9,7.1,9.3,10,8.2,8.06,Exceeds Expectations,Lead Generation,75,73,97.3,8,8,7.4,20.22,4.7,64,70.6,9.7,189.5,49.59,6805,53474,7.8,24,17,8,5.4,64.9,61.7,49,32,17,6,3,Meta Ads Manager,Jira,Google Meet,7,2.7,4.1,3.5,3.43,3,10,6,3,Digital Transformation,No,No,1.1,9.4,Domain Expert,6.5,3.3,2.2,Moderate,High,Medium,Yes,5,5,0,7.5,High,17.75,61.4,80.4,8.3,Moderate,Contributed,Yes
MKT-2063,Akash Menon,31,Male,Pune,MBA (Finance),Salesforce CRM,Customer Engagement & CRM,Customer Success Associate,Junior,Part-Time,Hybrid,9/21/2016,8.8,CMO,420000,8.3,7.7,5,6.6,8.1,6.9,2.8,7.2,6.4,5.8,8.7,7.1,5.4,5.8,4.6,6.79,Meets Expectations,Sales Conversion,74,84,113.5,7,92,7.7,44.1,4.8,16,262.5,36.1,81.3,44.95,1728,17346,8.2,27,19,5,7.9,66.3,81.7,69,46,23,2,1,Meta Ads Manager,Google Ads,MS Teams,0,3.9,3.8,4.8,4.17,0,0,1,7,Negotiation & Persuasion,No,No,5.3,7.1,International Exposure,6.8,3.9,3,Moderate,High,Low,No,1,3,1,9.6,High,20.67,70.9,64.2,5.4,Significant,Contributed,Yes
MKT-2064,Ravi Menon,36,Male,Jaipur,B.Com (Hons),Google Ads,Sales Enablement,Sales Enablement Executive,Junior,Full-Time,Remote,6/25/2015,10,Senior Marketing Manager,430000,3.8,5.8,3.6,5.3,5.7,6,4.4,10,3.6,9.3,4.1,7.8,5.6,4.2,8.1,5.9,Meets Expectations,Lead Generation,85,112,131.8,6,318,14.4,45.95,3.8,9,139.6,19.4,200.2,58.52,5344,79968,7.2,19,17,6,6.7,54.4,90.8,33,18,15,4,16,Asana,Adobe Creative Suite,Zoom,0,4.7,3.1,3.2,3.67,0,0,4,2,Leadership Skills,No,No,8,20,Cross-Functional Move,2.5,3.1,3.7,Moderate,Medium,Medium,Yes,0,3,-22,6.2,Low,20.79,77.5,61.7,8.4,Moderate,Contributed,Yes
MKT-2065,Kabir Saxena,28,Male,Delhi,MBA (Finance),HubSpot Marketing,Content & Creative,Content Writer,Junior,Full-Time,On-Site,3/17/2022,3.3,CMO,330000,5.1,4.5,7.7,5.5,5.8,4.4,2.7,7.5,6.7,6.3,4.7,5.4,5.4,3.2,5.3,5.51,Meets Expectations,Email Performance,91,84,92.3,8,39,23.1,53.23,3.8,14,71.5,17.8,265.9,22.58,875,55494,10.8,30,18,7,9.3,87.7,96.7,41,36,5,2,0,Google Analytics,Meta Ads Manager,MS Teams,0,2.7,4.5,4.7,3.97,2,0,0,7,Design Thinking,Yes,No,0.8,16.7,International Exposure,4.7,4.6,2.5,Moderate,High,Medium,Yes,3,2,42,3.7,Medium,10.51,92.2,73.7,6.1,Significant,Not Involved,No
MKT-2066,Natasha Reddy,27,Female,Ahmedabad,B.Sc (Statistics),PMP,Brand & Communications,Communications Manager,Mid-Level,Part-Time,Hybrid,9/16/2024,0.8,Senior Marketing Manager,660000,6.5,7.5,5,6.9,6.4,2,5.7,5.6,6.4,7.4,7.2,8.3,1,5.8,5.7,6.23,Meets Expectations,Campaign ROI,97,102,105.2,9,2,17.3,0.46,3.5,22,17.6,46.5,165.7,45.88,4936,27559,9.6,32,12,10,4.1,55.7,97,63,35,28,28,3,Power BI,HubSpot,Slack,0,3.2,4.4,3.4,3.67,4,0,3,7,Project Management,Yes,No,0.6,10.7,Entrepreneurship,8.1,3,1.6,High,High,Medium,No,3,2,7,4.9,Low,6.48,102.2,51.4,6.7,Significant,Executed,Yes
MKT-2067,Vikram Banerjee,21,Male,Nagpur,BBA,Salesforce CRM,Sales Enablement,Sales Enablement Executive,Junior,Full-Time,On-Site,4/20/2017,8.2,Head of Department,430000,5,6.5,4.3,3.1,5.7,4.9,8,8.6,1,7.1,4.2,7.6,9.2,6.3,6.1,5.86,Meets Expectations,Email Performance,78,100,128.2,8,242,7.4,16.21,4,18,286.3,34.9,295.3,40.77,2529,57956,6.9,26,8,6,3.1,74.2,59.1,52,39,13,2,0,Meta Ads Manager,Salesforce,Google Meet,0,3,3.7,4.3,3.67,0,0,6,6,Design Thinking,No,No,7.2,5.4,Domain Expert,4.8,3.4,3.1,Moderate,High,Medium,No,1,6,9,3.4,Medium,44.2,87.8,97.9,8.8,Minimal,Contributed,Yes
MKT-2068,Prateek Dutta,47,Male,Hyderabad,B.Com (Hons),Google Ads,Digital Marketing,Digital Marketing Executive,Junior,Full-Time,Remote,9/18/2020,4.8,Senior Marketing Manager,370000,5.7,4.1,5.3,6.4,4.8,6.8,7.8,6.3,8.9,7.3,3.6,6.1,7.7,5.3,8.8,6.52,Meets Expectations,Brand Awareness,66,61,92.4,6,136,13.2,54.13,3.1,15,244.4,26.5,330.8,8.03,7165,26338,8.6,18,1,6,9.1,61.4,63.4,83,51,32,1,0,Canva,Tableau,MS Teams,0,3,4,4.9,3.97,3,0,2,0,Digital Transformation,Yes,No,1.7,6.9,Leadership Role,5.3,4.4,3.1,Moderate,Medium,Medium,No,4,1,-7,5.1,High,12.44,103.7,50.2,7.3,Moderate,Not Involved,No
MKT-2069,Gauri Trivedi,53,Female,Chennai,MBA (Finance),Hootsuite Social Media,Sales Enablement,Sales Enablement Manager,Senior,Contract,Hybrid,6/5/2017,8.1,Senior Marketing Manager,800000,8.1,9,8,4.8,8.2,7.9,10,9,7,9.6,8.9,6.2,7.7,8.6,7.8,8.44,Exceeds Expectations,Campaign ROI,92,110,119.6,1,483,20.8,8.93,4.6,2,116.4,38.7,90,11.87,5583,44457,8.5,28,12,3,7.9,83.6,93.9,26,22,4,0,20,HubSpot,Canva,MS Teams,2,4.7,4.2,3.7,4.2,1,9,6,7,Digital Transformation,No,Yes,4,9.6,Leadership Role,7.4,3.2,3.7,Low,High,Medium,No,3,5,-17,8.9,Medium,51.22,60.3,57,10,Significant,Not Involved,Yes
MKT-2070,Shubham Krishnan,53,Male,Mumbai,BA (Journalism),LinkedIn Marketing,Customer Engagement & CRM,Customer Success Associate,Junior,Contract,Remote,10/1/2023,1.7,Head of Department,420000,5.8,5.3,4.9,6.9,8,7.3,2.9,6.9,8.5,1.6,3.3,2.4,9.5,6.7,6.7,5.85,Meets Expectations,Email Performance,92,126,137,6,23,15.5,23.33,3.6,9,110.9,14.3,313.8,17.55,889,44992,8.9,29,12,2,8.8,52.9,58.8,13,7,6,2,12,Google Analytics,Tableau,Zoom,0,5,3.8,4.5,4.43,3,0,4,3,Advanced Excel,Yes,No,1.3,16,Entrepreneurship,5.9,2.7,2.8,Moderate,High,Medium,No,4,5,62,5.6,Low,8.67,70.1,61.3,4.6,Moderate,Reviewed,Yes
MKT-2071,Diya Rao,30,Female,Hyderabad,PGDM (Marketing),None,Digital Marketing,SEO Analyst,Junior,Contract,Hybrid,3/9/2019,6.3,Head of Department,580000,7.8,7.8,9.7,6.5,8,6.4,7.6,2.7,4,5.3,2.3,9.1,5.9,9,4.5,6.83,Meets Expectations,Market Share Growth,79,85,107.6,9,426,6.5,47.44,3.9,13,73.3,21.2,308.1,40.28,1726,66467,7.3,28,15,0,9.2,55.7,75.6,20,11,9,1,5,Hootsuite,MS Excel,Google Meet,0,4.8,3,4.6,4.13,1,0,6,4,Data Analytics for Marketers,No,No,3.3,15.1,Stay in Current Role,9.9,4.6,5,High,High,Low,Yes,0,1,51,7,Medium,11.92,105.7,88.4,5.3,Moderate,Reviewed,Yes
MKT-2072,Neha Pandey,31,Female,Chennai,M.Com,PMP,Brand & Communications,Communications Manager,Mid-Level,Full-Time,Hybrid,8/5/2022,2.9,Senior Marketing Manager,590000,8.9,6.9,8,6,5.5,5.1,6.8,6.7,3.8,4.9,7.5,6,6.5,4.8,8.2,6.8,Meets Expectations,Lead Generation,81,100,123.5,14,33,3.2,12.05,2.9,19,214.4,37.8,239,42.68,5971,61748,9.8,34,15,7,7.3,71.6,62.1,38,27,11,5,15,SEMrush,Google Ads,Zoom,0,2.6,4.1,3.8,3.5,1,0,6,6,AI in Marketing,Yes,No,2.6,23.1,Stay in Current Role,6.5,3.2,4.9,Very High,High,Medium,No,2,5,29,6.5,Medium,50.98,92.6,71.4,5.6,Significant,Reviewed,Yes
MKT-2073,Yuvraj Verma,51,Male,Surat,B.Com (Hons),Meta Blueprint,Digital Marketing,Digital Marketing Executive,Junior,Contract,Remote,7/17/2021,4,Marketing Director,360000,7.9,8.4,3.8,4.7,6.5,5.9,6.4,5.3,6.1,3.4,5.5,3.7,6.3,4.2,4.6,6.03,Meets Expectations,Brand Awareness,86,114,132.6,15,297,2.9,20.89,4.2,4,211.2,10,314.2,19.28,7565,31874,9.5,17,8,8,8.2,71,87.1,43,31,12,5,2,Asana,Salesforce,Zoom,0,4.3,4.4,4.3,4.33,4,0,3,6,Social Media Strategy,No,No,1.3,13.4,Entrepreneurship,1,4.9,3.1,Moderate,Medium,Medium,Yes,5,4,78,8.2,Low,6.08,70.3,97.9,6.1,Significant,Executed,Yes
MKT-2074,Karan Patel,29,Male,Delhi,MBA (Marketing),Google Analytics,Sales Enablement,Sales Enablement Specialist,Mid-Level,Full-Time,Remote,3/7/2019,6.3,CMO,720000,8.2,6,7.7,7.3,4.7,6.8,5.2,7.7,2.8,7.1,4.2,6.9,6.2,4.4,8.5,6.63,Meets Expectations,Digital Reach,83,100,120.5,6,467,22.5,29.85,3.1,18,73.2,47.2,331.5,13.66,2720,26882,8.8,13,8,1,4.6,83.5,77.6,46,38,8,6,15,Asana,Salesforce,Slack,0,3.7,2.8,3.3,3.27,2,0,1,7,AI in Marketing,Yes,No,1.2,15.2,Stay in Current Role,7.8,3.7,3.2,Moderate,Medium,Medium,No,0,2,-3,5.1,Medium,52.6,92.3,83,6.8,Moderate,Executed,Yes
MKT-2075,Rohan Chauhan,28,Male,Delhi,PGDM (Marketing),Google Analytics,Digital Marketing,SEO Analyst,Junior,Part-Time,On-Site,3/30/2021,4.3,CMO,540000,6.1,7.4,2.4,8,5.8,9,8.4,4,6.7,6.9,6.9,6.3,5.8,8.6,5.8,6.88,Meets Expectations,Content Engagement,80,53,66.2,12,111,21.2,2.38,4.6,4,37.4,27.5,331.1,8.79,842,62224,10.2,12,8,8,5.5,70.1,71.7,36,25,11,1,0,Meta Ads Manager,Power BI,Google Meet,0,4.4,3.9,3.6,3.97,2,0,7,2,Advanced Excel,Yes,No,3.5,11.2,Domain Expert,5,4.5,2.2,Low,High,Medium,No,0,4,44,4.7,Low,2.55,78.5,57.8,5,Minimal,Reviewed,Yes
MKT-2076,Karan Bose,22,Male,Mumbai,PGDM (Marketing),PMP,Digital Marketing,Social Media Manager,Mid-Level,Full-Time,Remote,7/17/2017,8,VP Marketing,790000,6.6,9.2,7,5.5,5.6,8.5,7,2.5,5.2,5,8.8,8.6,6.2,10,7.8,7.23,Exceeds Expectations,Customer Retention,87,68,78.2,12,282,1.5,52.3,3.4,16,296.5,24,165.4,9.53,6402,13818,7.5,4,5,4,5.8,73.9,59.7,61,45,16,13,2,Adobe Creative Suite,Power BI,Google Meet,0,4.6,4.1,4.1,4.27,4,0,4,3,Advanced Excel,No,No,3,7.6,Entrepreneurship,6.6,4.7,2.9,Moderate,Low,Low,No,2,0,46,5.8,Medium,34.08,99.6,92.4,8.5,Moderate,Reviewed,Yes
MKT-2077,Neel Sen,30,Male,Hyderabad,B.Sc (Statistics),PMP,Customer Engagement & CRM,Customer Success Associate,Junior,Part-Time,Remote,12/4/2015,9.6,VP Marketing,440000,7.6,4.5,6.1,7.7,5.7,7.3,6.9,3.7,3.2,8.3,1,6.7,9.1,4.4,10,6.53,Meets Expectations,Brand Awareness,79,93,117.7,3,98,10.9,34.84,4.5,16,93.2,36.6,225.4,9.08,7519,48036,9.3,31,11,3,8.1,66.8,87.9,66,44,22,8,3,Jira,Meta Ads Manager,MS Teams,0,2.5,3,3.5,3,1,0,0,5,Design Thinking,No,No,8.6,20.3,Domain Expert,5.6,3.6,3.1,Moderate,High,Medium,No,5,0,-23,5.7,High,5.34,60,70,8,Minimal,Reviewed,Yes
MKT-2078,Zain Sharma,45,Male,Hyderabad,BBA,HubSpot Marketing,Brand & Communications,Communications Manager,Mid-Level,Full-Time,Remote,12/28/2020,4.5,Head of Department,580000,6.6,7.2,5.2,8.3,6.4,8.6,7.7,8.2,7,10,3,6.2,6.7,8,6.8,7.37,Exceeds Expectations,Digital Reach,89,78,87.6,8,95,17.3,0.31,2.9,8,295.8,43.8,247.7,30.72,6394,21276,9.9,3,3,4,9.8,50.6,83.7,57,29,28,1,14,Canva,Google Ads,Slack,0,4.7,3.9,4.3,4.3,4,0,4,3,AI in Marketing,No,No,2.5,5.7,Leadership Role,6.8,4.2,1.7,Low,High,Low,No,4,0,60,8.4,Low,40.27,60.2,65,9.3,Moderate,Executed,Yes
MKT-2079,Mira Nanda,40,Female,Surat,B.Com (Hons),AWS Cloud Practitioner,Market Research & Insights,Insights Manager,Mid-Level,Full-Time,Remote,9/26/2020,4.8,Senior Marketing Manager,760000,8.5,6.6,7.4,4.5,5.9,7.7,3.5,4.9,7.2,6.8,6.3,6.1,10,5.6,7.1,6.88,Meets Expectations,Digital Reach,83,66,79.5,3,77,16.3,32.03,4.4,2,242.2,35.8,87.6,29.69,634,67004,10.5,20,18,3,4.9,50.7,61.4,65,33,32,11,16,MS Excel,Google Analytics,Slack,0,2.6,4.9,4.9,4.13,0,0,0,1,Design Thinking,No,No,4.5,11.4,Cross-Functional Move,5.4,2.8,3.5,Low,High,Medium,No,0,5,-20,4.9,High,44.49,59.2,95.8,5.6,Minimal,Executed,No
MKT-2080,Charu Verma,52,Female,Mumbai,MA (Mass Communication),PMP,Performance Marketing,Director Performance,Leadership,Contract,Remote,7/1/2018,7,CMO,1840000,7.3,9.2,10,10,8.5,5.7,10,3.4,8.7,7.3,9.4,7.4,4.9,10,4,8.18,Exceeds Expectations,Market Share Growth,96,134,139.6,19,432,19,13.18,2.9,12,291.7,43.1,189.1,22.68,7969,28282,8.1,5,9,3,6.9,87.4,78.5,59,52,7,1,22,Hootsuite,Asana,Google Meet,15,3,3.2,4.4,3.53,0,6,5,4,AI in Marketing,No,Yes,4.1,11.5,Stay in Current Role,5.5,3.3,1.5,Very High,High,Medium,Yes,5,4,-5,5.1,Medium,44.92,98.6,72,7.8,Moderate,Executed,Yes
MKT-2081,Meera Malhotra,33,Female,Surat,BA (Journalism),SEMrush SEO,Market Research & Insights,Data Analyst,Junior,Full-Time,Hybrid,1/30/2016,9.4,Senior Marketing Manager,390000,8.6,8.5,7.5,4.4,6.7,6.7,3.4,5.2,5,7.5,5.7,7,5.2,5.3,7.7,6.83,Meets Expectations,Market Share Growth,82,65,79.3,1,5,13.4,8.51,2.9,8,238.6,25,262.5,17.96,7800,71989,9.7,34,3,9,5,71.5,71.3,75,54,21,18,13,SEMrush,Adobe Creative Suite,Slack,0,3,3.9,4.4,3.77,1,0,3,1,Digital Transformation,Yes,No,0.9,6.5,Domain Expert,3.9,2.9,2,Moderate,High,High,No,0,3,10,5.5,High,12.52,94.7,77.9,8.3,Significant,Contributed,No
MKT-2082,Sonali Saxena,41,Female,Surat,B.Com (Hons),AWS Cloud Practitioner,Public Relations,Head of PR,Leadership,Full-Time,On-Site,10/6/2015,9.7,VP Marketing,1380000,8.2,8.4,9.9,8.8,6.3,8.1,9.3,6.1,5.1,10,10,9.4,7.5,10,9.4,8.78,Outstanding,Market Share Growth,89,111,124.7,0,28,15.1,32.25,4,20,83.6,40.6,217.3,21.09,7669,73392,7.3,20,0,2,10,55.9,64.2,85,48,37,4,0,SEMrush,Google Ads,MS Teams,7,4.9,3,4.8,4.23,4,3,7,6,Leadership Skills,No,Yes,3.8,8.1,Entrepreneurship,3.8,3,4.5,Low,Medium,Medium,No,1,4,29,10,Medium,31.91,79.9,64.5,6.6,Minimal,Contributed,Yes
MKT-2083,Neel Yadav,30,Male,Nagpur,BBA,PMP,Brand & Communications,Brand Executive,Junior,Contract,Hybrid,12/1/2022,2.6,Senior Marketing Manager,340000,4.2,4.8,5.2,5.3,7,2.9,4.5,3.1,6.3,7.8,5.4,6.2,6.1,7.3,5.5,5.52,Meets Expectations,Email Performance,89,99,111.2,18,90,4.1,39.79,3.4,44,38.3,23.3,121.6,31.79,5202,9145,10.2,22,15,0,7.4,63.2,85.1,66,42,24,19,10,Salesforce,Mailchimp,MS Teams,0,3.9,4,4.7,4.2,4,0,7,0,Design Thinking,No,No,2.5,23.5,Cross-Functional Move,5,3.7,2.3,Moderate,High,Medium,No,3,4,38,7.6,Low,13.99,88.1,68.5,6.2,Minimal,Executed,No
MKT-2084,Lavanya Naidu,40,Female,Hyderabad,MBA (Marketing),Google Analytics,Performance Marketing,Performance Marketing Manager,Senior,Part-Time,Hybrid,12/10/2018,6.6,Senior Marketing Manager,1050000,8,9.3,6.8,8.4,10,6.3,9.6,4.5,8.6,7.2,10,8,6.9,6.2,5.4,8.22,Exceeds Expectations,Brand Awareness,73,80,109.6,5,176,22.5,35.71,3.4,1,90.8,36.4,148.8,13.36,475,23491,9.5,12,12,0,6.2,79,97.8,20,16,4,4,20,Jira,Google Ads,Zoom,15,4.9,2.6,3.5,3.67,3,12,1,1,Social Media Strategy,No,Yes,2.4,8.2,Entrepreneurship,5.2,3.3,1.9,Moderate,Medium,Medium,No,5,2,-8,7.4,Medium,9.53,67.5,77.3,4.1,Minimal,Executed,Yes
MKT-2085,Isha Malhotra,23,Female,Lucknow,M.Com,Google Analytics,Public Relations,PR Manager,Mid-Level,Contract,Remote,4/23/2024,1.2,Head of Department,640000,7.3,6.6,3,7.9,6.6,6,4.6,5.5,4.1,6.4,5,6.5,4.8,3.7,7.2,6.13,Meets Expectations,Digital Reach,74,74,100,3,24,1.4,52.45,4.8,33,105.6,47.3,336.8,17.21,2249,72433,7.6,21,2,9,9.3,91,77.5,33,30,3,1,19,Google Ads,Canva,Zoom,0,4.7,4.1,4.4,4.4,0,0,1,3,None,Yes,No,0.6,14.5,International Exposure,7.5,4,3.6,High,Medium,Low,No,3,5,25,5.7,Medium,13.3,107.9,86.3,4.7,Moderate,Reviewed,Yes
MKT-2086,Mira Singh,27,Female,Pune,BA (Journalism),AWS Cloud Practitioner,Market Research & Insights,Data Analyst,Junior,Full-Time,Remote,1/22/2021,4.4,Head of Department,540000,9,5.5,4.5,8.4,7.4,5,8,5.9,6.9,5.3,3.6,7.1,6.3,3,5.3,6.57,Meets Expectations,Campaign ROI,85,117,137.6,0,2,8.2,16.19,3.3,3,118.2,31.7,244.1,44.78,1756,58187,7.9,1,11,2,7.5,92.8,67,14,13,1,0,19,Salesforce,SEMrush,Google Meet,0,3.2,3.8,4.9,3.97,1,0,5,3,Negotiation & Persuasion,Yes,No,2.4,6.8,Domain Expert,5.8,3.8,3.9,Low,Low,Low,No,1,4,66,5.5,High,31.46,107,95,7.4,Significant,Reviewed,Yes
MKT-2087,Deepika Pandey,44,Female,Kolkata,B.Com (Hons),AWS Cloud Practitioner,Performance Marketing,Performance Marketing Manager,Senior,Contract,Remote,6/18/2024,1,CMO,880000,6.6,6.9,8.4,6,3.3,5,4.4,6.1,7.7,6.8,7.4,7.5,9.5,7.5,4,6.57,Meets Expectations,Digital Reach,92,94,102.2,3,125,4.6,9.97,4.7,17,150.5,17.7,121.2,17.9,6452,29062,10.6,23,2,5,7.5,88.6,93.5,66,58,8,5,14,HubSpot,Jira,Zoom,2,3.1,4.9,4.1,4.03,4,2,2,4,Advanced Excel,No,No,0.5,10.4,Leadership Role,5.7,2.7,2.5,Moderate,High,Medium,No,1,6,-23,4.8,High,34.12,103.1,60.8,7.4,Minimal,Executed,Yes
MKT-2088,Nandita Hegde,26,Female,Mumbai,MA (Mass Communication),Google Analytics,Content & Creative,Content Writer,Junior,Full-Time,Hybrid,6/14/2024,1,Head of Department,290000,2.6,4.9,6,4.4,5.9,4.4,5.1,4.9,3.9,8.7,4.2,4.6,8.1,1,3.8,5.02,Below Expectations,Sales Conversion,67,61,91,8,88,16.6,47.68,4.2,50,70.3,35,332.8,14.32,437,71260,8.4,33,0,4,7.3,65.5,90.1,54,35,19,8,6,Tableau,Salesforce,Google Meet,0,4.2,4.1,3.4,3.9,1,0,2,6,Advanced Excel,No,No,1,10.5,Cross-Functional Move,6.4,4.7,4,High,High,Low,No,0,5,5,6.8,Medium,45.66,97.2,95.8,4.4,Minimal,Not Involved,No
MKT-2089,Isha Patil,37,Female,Delhi,MBA (Finance),Google Analytics,Customer Engagement & CRM,Customer Success Associate,Junior,Full-Time,Hybrid,9/24/2023,1.8,VP Marketing,560000,6.4,7.7,5.5,2.3,7.2,9.5,8.2,8.5,4.4,5.2,8.1,7.3,5.8,5.3,5.3,6.76,Meets Expectations,Digital Reach,72,110,152.8,0,75,17.8,23.03,4.9,10,210.1,31.5,319.4,48.13,7752,42790,7.5,33,8,3,4.2,53.4,57,54,29,25,11,10,Adobe Creative Suite,HubSpot,Google Meet,0,2.7,3.7,5,3.8,1,0,3,1,Negotiation & Persuasion,No,No,1,23.2,Domain Expert,4.4,4.7,4.2,Low,High,Medium,No,3,2,73,7.2,Medium,50.94,99.2,98.5,6.2,Significant,Reviewed,Yes
MKT-2090,Gaurav Patil,42,Male,Ahmedabad,B.Sc (Statistics),HubSpot Marketing,Content & Creative,Content Writer,Junior,Full-Time,Remote,5/3/2019,6.2,CMO,370000,5,3.2,9.3,5.7,6.9,6,6,5.9,5.6,8.3,4.6,4.4,6.8,7.9,7.1,6.24,Meets Expectations,Campaign ROI,100,139,139,6,34,10,42.71,4.5,38,130.7,35,126.6,9.55,1958,51859,6.7,22,0,7,6.6,56.9,73.9,65,37,28,20,20,Meta Ads Manager,MS Excel,MS Teams,0,4.2,4.9,3.8,4.3,4,0,2,1,Negotiation & Persuasion,No,No,5.5,24.9,International Exposure,5.8,4.9,4,Moderate,Medium,Low,No,1,1,8,7.4,Medium,28.55,91,78.8,7.8,Significant,Reviewed,Yes
MKT-2091,Charu Joshi,35,Female,Mumbai,M.Com,Google Ads,Digital Marketing,SEO Analyst,Junior,Full-Time,Hybrid,12/6/2023,1.6,CMO,430000,2.1,6.7,5.6,3,6.2,7.7,6.9,3.3,4.5,6,7.2,3.8,8.3,8.2,5.6,5.71,Meets Expectations,Sales Conversion,90,99,110,15,79,19.4,30,4.9,9,110.6,45,141.5,44.11,3816,40259,6.7,35,20,10,5.9,87.1,65.1,46,40,6,3,0,Google Ads,Asana,Google Meet,0,3.5,2.8,4,3.43,3,0,3,2,Negotiation & Persuasion,No,No,1.5,22.4,Leadership Role,4.8,3,2.1,Moderate,High,Medium,No,4,3,48,8.2,High,27,66.3,92.2,7.4,Significant,Reviewed,No
MKT-2092,Natasha Menon,37,Female,Bengaluru,MBA (Finance),PMP,Content & Creative,Content Writer,Junior,Part-Time,On-Site,7/20/2016,8.9,VP Marketing,400000,6,4,7.3,9.4,1.3,8.1,7.5,6.7,8.2,6.2,4.6,6.3,3.3,5,5.9,6.29,Meets Expectations,Campaign ROI,68,95,139.7,7,28,6.5,44.22,4.4,1,122.9,11.9,90.3,15.03,1953,53324,8.8,13,0,0,10,94,95.1,83,78,5,0,0,Google Ads,Google Analytics,MS Teams,0,3.2,4.8,3.8,3.93,3,0,6,2,Design Thinking,Yes,No,7.9,21.8,International Exposure,6.9,2,2.9,Moderate,Medium,Medium,No,2,3,67,5,Low,4.57,63.9,90.3,6.4,Minimal,Not Involved,Yes
MKT-2093,Saurabh Khanna,23,Male,Ahmedabad,MBA (Finance),AWS Cloud Practitioner,Public Relations,PR Manager,Mid-Level,Full-Time,Hybrid,12/14/2023,1.5,Marketing Director,550000,2.1,6.7,6.5,7.4,10,7.6,6.4,4.5,7.2,8,4.9,5.5,8.2,7.9,5.2,6.6,Meets Expectations,Brand Awareness,100,103,103,3,23,5.6,25.11,3,35,222.2,19.6,236.4,19.57,4114,52097,9.8,6,10,6,6.3,62,99.4,64,40,24,13,16,Asana,Salesforce,Zoom,0,4.5,3,3.9,3.8,1,0,1,2,Design Thinking,No,No,1,18.9,International Exposure,8.5,3.6,4.9,Low,High,Medium,No,5,4,-11,5.5,Low,6.07,75.5,57.1,6.4,Moderate,Executed,Yes
MKT-2094,Komal Mishra,52,Female,Lucknow,B.Tech,Salesforce CRM,Digital Marketing,Head of Digital,Leadership,Full-Time,Remote,1/17/2022,3.5,VP Marketing,1560000,7,9.4,5.3,7.6,4.1,6.3,10,8.2,10,8.4,9.4,5.9,8.1,9.5,10,8.24,Exceeds Expectations,Content Engagement,93,101,108.6,16,349,7.9,9.64,3,8,54.9,23.4,160.6,36.03,6186,13938,8.4,18,9,7,3.8,63.6,75.3,39,25,14,9,8,Google Ads,MS Excel,Slack,7,3.7,3.9,4.8,4.13,0,2,4,6,Digital Transformation,Yes,Yes,2.6,4,Entrepreneurship,7.8,2.3,2.1,Low,Medium,Medium,No,2,4,29,8.9,Low,29.19,68.1,58.3,10,Moderate,Executed,Yes
MKT-2095,Zain Hegde,47,Male,Hyderabad,MBA (Marketing),AWS Cloud Practitioner,Sales Enablement,Sales Enablement Manager,Senior,Part-Time,On-Site,2/3/2017,8.4,VP Marketing,1020000,4.2,10,9.4,5.4,5.6,10,4.6,3.9,6.7,4.2,9.4,9.8,8.1,6.5,8.6,7.34,Exceeds Expectations,Digital Reach,77,80,103.9,2,431,6.2,28.38,4.3,8,221.9,26,283.2,18.15,2693,58612,7.1,9,18,8,7.3,88.6,83.1,90,80,10,8,0,Google Ads,Salesforce,MS Teams,14,4.6,3.5,4.1,4.07,1,5,1,3,Project Management,Yes,No,6,24.2,Leadership Role,5.7,2.6,3.9,Low,Low,Medium,No,0,2,-6,7,Low,22.83,88.5,94.5,7.1,Moderate,Reviewed,Yes
MKT-2096,Gauri Pillai,54,Female,Jaipur,MBA (Finance),PMP,Brand & Communications,Brand Executive,Junior,Contract,Remote,5/20/2021,4.1,VP Marketing,420000,6.4,5.1,3.4,6.2,7.5,3.8,6.1,7.2,5.3,4.7,3.3,3.8,5.6,5.8,3.8,5.41,Below Expectations,Customer Retention,66,42,63.6,6,36,20,27.3,4.9,57,189,33.2,177,35.73,3184,44752,7.6,24,7,9,9.1,63.6,69.3,51,32,19,14,1,Adobe Creative Suite,Mailchimp,Slack,0,3.4,4.3,4.5,4.07,3,0,0,4,Project Management,No,No,2.4,8.6,International Exposure,7.2,4.3,4.7,Very High,High,Low,Yes,5,1,49,6.2,High,29.19,73.5,64.1,5.1,Significant,Reviewed,No
MKT-2097,Meera Nair,49,Female,Delhi,BA (Journalism),LinkedIn Marketing,Digital Marketing,Head of Digital,Leadership,Full-Time,Remote,12/28/2015,9.5,Senior Marketing Manager,1170000,8.8,8.5,10,10,8.5,6.2,7.6,6.6,7.8,6.6,10,10,10,9.1,9.9,8.89,Outstanding,Brand Awareness,99,88,88.9,8,204,12,52.34,4.1,2,266.1,30.8,243.7,39.35,1822,7818,6.8,8,5,9,5.5,83,57,48,40,8,8,19,Jira,Google Ads,Zoom,5,4.4,3.8,4.6,4.27,0,4,2,7,Leadership Skills,No,Yes,8.9,7.4,Cross-Functional Move,9.8,4.4,1.6,Moderate,Low,Low,No,4,4,22,9,Low,54.46,84.4,88.3,7.2,Minimal,Contributed,Yes
MKT-2098,Avni Rao,44,Female,Bengaluru,MA (Mass Communication),Salesforce CRM,Digital Marketing,Social Media Manager,Mid-Level,Part-Time,Hybrid,5/19/2015,10.1,VP Marketing,650000,8.4,9.5,5.7,5.1,5.8,9.5,8.1,5.5,8.1,6.3,9.4,7.9,6.2,7.3,7.7,7.88,Exceeds Expectations,Market Share Growth,88,103,117,5,233,12.5,18.46,2.9,13,253.4,29.7,129.6,49.01,5866,31494,8.3,6,0,9,6.7,78.9,71.6,51,40,11,11,2,Google Analytics,Asana,MS Teams,0,3.1,4.8,3,3.63,0,0,7,3,Leadership Skills,Yes,Yes,5.1,18.4,International Exposure,8,3.6,3,Moderate,Low,Medium,No,1,0,75,10,High,54.57,86.4,93.7,8.7,Significant,Executed,Yes
MKT-2099,Riya Chandra,31,Female,Chennai,B.Com (Hons),Content Marketing Institute,Content & Creative,Content Writer,Junior,Full-Time,On-Site,12/11/2018,6.6,Senior Marketing Manager,310000,5,1,4.7,3.3,5,2.7,7.6,7.5,3.8,10,5.5,5.2,3.8,4.9,5.2,5.06,Below Expectations,Sales Conversion,85,87,102.4,0,75,5.7,27.5,3.4,39,203.6,32.1,222.6,28.61,6989,8537,8.4,6,18,3,9.4,70.1,60.1,65,46,19,19,0,Google Analytics,MS Excel,Google Meet,0,3.4,4.4,4.3,4.03,0,0,0,6,None,No,No,5.8,9.7,International Exposure,3.1,4.8,2,Very High,High,Medium,Yes,5,0,2,4.9,Low,27.36,73.9,70.3,5.7,Moderate,Reviewed,Yes
MKT-2100,Harish Choudhary,54,Male,Chennai,MBA (Marketing),SEMrush SEO,Performance Marketing,PPC Executive,Junior,Full-Time,Remote,8/17/2024,0.9,VP Marketing,390000,3.8,2.5,3.8,7.1,3.7,1,6.6,3.5,8.1,8.3,4.8,3.5,5.7,7,7.2,5.14,Below Expectations,Customer Retention,80,58,72.5,19,417,4.5,47.1,3.4,5,163.5,14.9,139.1,11.13,6623,31546,7.8,17,20,3,6.9,81.5,57,27,22,5,0,11,SEMrush,Google Analytics,Slack,0,3.6,4.9,3.4,3.97,1,0,6,2,Social Media Strategy,Yes,No,0.8,20.5,Stay in Current Role,7,4.3,3.2,Moderate,Medium,Low,Yes,2,5,41,6.7,Low,42.06,76.1,84.1,4.2,Minimal,Not Involved,Yes
MKT-2101,Sahil Ghosh,35,Male,Delhi,BBA,Salesforce CRM,Public Relations,PR Executive,Junior,Full-Time,Remote,12/27/2015,9.5,Marketing Director,280000,4.3,7.1,6.1,8.7,3.6,4,4.8,7.2,5.8,3.6,3.4,7.4,7.8,5.4,4.9,5.66,Meets Expectations,Market Share Growth,67,80,119.4,2,2,18.4,26.35,4.1,64,135.9,40.3,301.3,39.11,587,71658,6.8,30,15,3,7.6,85.6,77.8,58,50,8,1,12,Power BI,Jira,Google Meet,0,2.9,3.6,3.8,3.43,4,0,4,5,AI in Marketing,No,No,1.8,19.4,Stay in Current Role,9.7,3.6,3.7,Moderate,High,Medium,No,3,4,21,6.4,High,37,62.6,75.8,6.2,Moderate,Contributed,Yes
MKT-2102,Harish Kapoor,28,Male,Bengaluru,BA (Journalism),Content Marketing Institute,Sales Enablement,Sales Enablement Specialist,Mid-Level,Full-Time,Hybrid,7/2/2024,1,Senior Marketing Manager,750000,5,7.7,10,4.1,5.1,7.5,8.8,10,5.2,7.3,6.1,9.3,6.3,3.4,6.6,7.09,Exceeds Expectations,Digital Reach,74,54,73,7,250,12.4,45.92,4.8,3,52.1,13.3,166.7,16.21,7309,58949,7.3,22,20,1,8.2,61,85.4,36,22,14,1,2,Power BI,SEMrush,Zoom,0,3.9,3.5,3.2,3.53,1,0,1,6,AI in Marketing,No,No,0.5,18.8,Domain Expert,3.8,3.4,2.1,Moderate,Medium,Medium,No,5,3,62,7.8,Low,28.62,84.1,65.6,6.4,Minimal,Contributed,Yes
MKT-2103,Chirag Varma,38,Male,Surat,MBA (Finance),Content Marketing Institute,Public Relations,PR Coordinator,Junior,Contract,Hybrid,11/12/2019,5.6,CMO,390000,5.3,3.8,7.9,5.1,5.2,6.3,7.1,6.4,9.6,6.2,6.7,8.4,5,6.8,4.8,6.39,Meets Expectations,Content Engagement,72,68,94.4,4,29,10.7,49.99,3.3,43,215.3,24.4,336.5,24.88,3415,54721,8.3,0,17,4,9.2,56.3,95.3,52,29,23,0,11,Meta Ads Manager,Jira,MS Teams,0,3.9,4.5,4.3,4.23,4,0,1,5,Negotiation & Persuasion,Yes,No,0.6,5.3,Entrepreneurship,6.6,4.1,3.2,High,Low,Low,No,0,0,46,5.2,Medium,18.65,104.6,92.5,7.6,Minimal,Reviewed,Yes
MKT-2104,Mira Chauhan,28,Female,Delhi,B.Com (Hons),Meta Blueprint,Content & Creative,Creative Manager,Senior,Part-Time,Hybrid,12/18/2019,5.5,VP Marketing,950000,7.8,8.5,5.7,6,8.1,7.7,7.6,7.6,8.2,9.3,10,7.7,6.1,10,9.9,8.32,Exceeds Expectations,Customer Retention,98,84,85.7,4,90,19.6,38.43,4.4,23,297,19.7,106.4,10.28,450,27589,10.8,13,12,7,10,89.8,94.5,49,44,5,1,19,Salesforce,Tableau,MS Teams,7,3.5,3.6,4.9,4,0,5,6,4,Design Thinking,No,Yes,1.7,13.5,International Exposure,5.8,4.8,3.3,Moderate,High,Low,No,4,0,-2,10,High,15.63,95.4,66.1,5.6,Moderate,Executed,No
MKT-2105,Diya Khanna,50,Female,Hyderabad,MBA (Marketing),HubSpot Marketing,Content & Creative,Graphic Designer,Junior,Full-Time,On-Site,1/7/2020,5.5,VP Marketing,550000,10,5.4,4.9,6.3,5.5,5,7.1,6.7,9,4.4,4.7,9.9,5.8,7.5,3.8,6.68,Meets Expectations,Market Share Growth,67,92,137.3,1,72,22.1,24.43,3.7,21,206.7,13.7,232.7,53.87,2669,68344,9.7,21,6,5,5.5,70.2,97.8,31,22,9,6,0,Power BI,Hootsuite,MS Teams,0,4.1,4.4,3.4,3.97,0,0,5,3,Social Media Strategy,Yes,No,5.1,16.2,Leadership Role,7.2,4.5,3.8,High,High,Low,No,2,1,-7,4.8,Low,1.75,58.8,62.4,7.3,Minimal,Executed,Yes
MKT-2106,Tara Rao,24,Female,Chennai,M.Com,Google Ads,Sales Enablement,Sales Analyst,Junior,Part-Time,Remote,8/21/2023,1.9,Marketing Director,580000,7,4.7,5.6,5.2,4.6,4.2,9.1,6.7,5.2,4.7,5.3,1.6,4.5,8.3,5.5,5.72,Meets Expectations,Content Engagement,70,73,104.3,8,51,10.7,19.31,4.2,18,160.3,18,147.1,2.84,5285,66299,7.7,17,17,2,6.9,68.3,82.2,21,14,7,2,3,Power BI,Google Ads,MS Teams,0,2.7,4.3,3,3.33,3,0,6,2,Social Media Strategy,No,No,1.1,23.1,Domain Expert,8.4,4.7,4.8,Very High,High,Low,Yes,0,4,22,8.1,Medium,37.06,77.7,74.5,6,Minimal,Not Involved,No
MKT-2107,Chirag Dutta,37,Male,Pune,MBA (Finance),SEMrush SEO,Market Research & Insights,Head of Research,Leadership,Part-Time,On-Site,12/27/2016,8.5,CMO,1630000,9.8,10,7.3,8.8,6.6,8.8,10,7.1,9.6,9.5,10,9.4,6,7.2,5.8,9.02,Outstanding,Brand Awareness,65,92,141.5,4,1,21.8,2.09,3.2,1,228.4,31.3,128.7,13.38,1373,8413,7.6,1,14,9,9,89.2,58.4,25,22,3,0,0,SEMrush,Google Ads,MS Teams,4,3,3.5,3.2,3.23,3,5,3,5,Design Thinking,No,Yes,3.9,8.5,Stay in Current Role,2.9,3.2,1.8,Low,Low,Medium,No,1,1,79,9,High,27.31,82.5,64.1,9.2,Significant,Executed,No
MKT-2108,Dev Trivedi,41,Male,Surat,B.Sc (Statistics),HubSpot Marketing,Performance Marketing,Performance Marketing Manager,Senior,Contract,Hybrid,4/26/2024,1.2,Marketing Director,850000,9.9,8.1,6.6,4.8,7.9,7,10,6,6.9,7.3,6.8,8.6,7.6,10,7.6,8.07,Exceeds Expectations,Email Performance,73,82,112.3,2,374,17.5,1.64,2.8,5,45.6,37.8,165,25.83,4929,55266,6.6,23,9,8,4.1,62.1,94.7,45,28,17,17,20,Google Analytics,SEMrush,Zoom,10,3.1,2.8,3.1,3,2,0,4,1,AI in Marketing,No,No,0.8,22,Domain Expert,9.5,2.1,1.8,Very High,High,Medium,Yes,1,5,70,8.8,High,13.1,104.5,73.6,6.6,Significant,Executed,Yes
MKT-2109,Yash Das,27,Male,Jaipur,B.Com (Hons),Google Analytics,Performance Marketing,Director Performance,Leadership,Full-Time,Remote,4/2/2019,6.2,Senior Marketing Manager,1950000,7.4,6,6.4,10,7.5,8.2,7.2,7.8,10,8.5,6.9,7.8,5.7,7.1,9.4,8.05,Exceeds Expectations,Sales Conversion,91,98,107.7,14,274,11.6,17.34,4.5,2,115.2,19.9,196.6,12.47,2575,63717,10.2,3,16,0,6.5,64.1,77.4,24,15,9,8,3,Tableau,Power BI,MS Teams,3,3.1,2.6,4.4,3.37,1,3,2,4,Project Management,Yes,Yes,0.6,9.3,International Exposure,7.7,3.6,4.5,Moderate,High,Medium,No,5,2,27,8.3,Medium,20.75,89.7,50.3,7,Minimal,Contributed,Yes
MKT-2110,Dhruv Ghosh,40,Male,Kolkata,B.Tech,Google Analytics,Customer Engagement & CRM,CRM Manager,Senior,Full-Time,Remote,9/19/2017,7.8,Marketing Director,930000,10,5.3,8.7,10,6.2,6.5,8.1,7.5,6.5,9.7,9.5,7.5,8.3,8.9,8.5,8.36,Exceeds Expectations,Campaign ROI,82,67,81.7,7,31,21.6,44.62,3.5,4,197.2,18,134.9,31.05,1424,60115,9,21,15,9,6.5,57.7,89.8,55,32,23,7,1,HubSpot,Google Analytics,Slack,12,3.4,4.8,4.1,4.1,3,1,0,5,Design Thinking,No,Yes,4,19.9,Entrepreneurship,8.5,4.8,4.4,Moderate,Medium,Low,Yes,5,2,-7,5.9,Low,16.33,59,51.8,10,Significant,Reviewed,Yes
MKT-2111,Siddharth Pillai,40,Male,Nagpur,MA (Mass Communication),None,Customer Engagement & CRM,CRM Analyst,Mid-Level,Contract,Hybrid,1/2/2024,1.5,Head of Department,790000,10,8.4,2.5,4.2,6.5,3.9,5.1,5,6,8.6,9,6.7,6.9,6.9,7.4,6.95,Meets Expectations,Email Performance,95,82,86.3,3,81,22.5,22.53,3.7,15,215.4,24.9,289.9,21.83,2495,42568,8.2,8,20,2,7.1,88.9,82.4,43,38,5,4,18,Asana,MS Excel,Zoom,0,4,3,3.8,3.6,1,0,4,6,Design Thinking,Yes,No,0.8,8.2,International Exposure,6,2.8,3.3,Very High,High,Medium,No,3,4,2,8.6,Low,37.46,70.2,83.2,7.1,Moderate,Reviewed,Yes
MKT-2112,Payal Shukla,50,Female,Delhi,M.Com,None,Digital Marketing,Head of Digital,Leadership,Full-Time,Hybrid,12/27/2023,1.5,CMO,1370000,6.6,4.7,6.4,8.6,8.1,7.4,9.2,6.5,10,6.7,10,9.6,7.6,8.7,10,8.1,Exceeds Expectations,Campaign ROI,70,91,130,20,41,21,31.54,3.2,9,12.1,42.7,272.1,8.03,6015,52129,7.1,2,18,10,7.9,76.7,65.1,45,35,10,6,10,SEMrush,Asana,Zoom,5,3.4,2.8,4.7,3.63,2,10,6,4,None,No,Yes,0.5,12.9,International Exposure,7.5,3.1,2.6,Very High,High,Medium,No,3,5,22,9.8,High,2.69,83,94.9,9.9,Moderate,Executed,Yes
MKT-2113,Pooja Desai,36,Female,Mumbai,B.Sc (Statistics),Meta Blueprint,Market Research & Insights,Data Analyst,Junior,Full-Time,Remote,11/20/2015,9.6,Head of Department,550000,5.8,7,7.3,5,10,9.5,7.5,6.9,5.4,5.9,4.1,5.5,6.2,6.3,4.3,6.77,Meets Expectations,Market Share Growth,86,65,75.6,1,55,5.5,47.15,4.8,15,43.7,37,156.6,8.83,4442,34408,9,1,13,0,9.1,91.7,66.2,82,75,7,7,22,Google Analytics,Mailchimp,Google Meet,0,2.6,2.6,4,3.07,1,0,0,1,None,No,No,8.5,12.3,Leadership Role,4,4.8,4.2,High,Medium,Medium,No,2,3,12,7,High,46.25,65.4,55.9,5,Significant,Contributed,No
MKT-2114,Tara Gupta,44,Female,Pune,B.Sc (Statistics),Hootsuite Social Media,Performance Marketing,Director Performance,Leadership,Full-Time,Remote,2/18/2019,6.4,VP Marketing,1320000,9.8,9.6,10,9.6,6.7,4.4,5.6,8.4,10,3.5,8.5,6.4,5.4,10,10,8.24,Exceeds Expectations,Brand Awareness,74,108,145.9,3,438,16.3,33.27,4.2,12,179.3,28.6,154.1,43.61,6999,40825,8.9,29,12,8,6.9,85.2,96.8,56,48,8,8,16,Canva,Asana,Slack,14,3.6,3.4,3.3,3.43,0,4,5,2,Negotiation & Persuasion,Yes,Yes,2.6,24.4,Entrepreneurship,7.7,2.4,4.7,Very High,High,Medium,Yes,0,3,9,8.2,Medium,18.38,63.7,63.2,9.5,Moderate,Executed,Yes
MKT-2115,Kiara Yadav,48,Female,Mumbai,M.Com,SEMrush SEO,Performance Marketing,PPC Executive,Junior,Full-Time,Hybrid,12/7/2021,3.6,Senior Marketing Manager,440000,6.8,9.2,6.3,7.6,5.1,8,3.7,5.4,3.3,5.3,7.3,3.5,5.7,5.4,7.6,6.5,Meets Expectations,Campaign ROI,98,79,80.6,13,97,15.1,32.99,4.1,1,45.5,26.8,300.8,26.6,2036,61813,7.1,28,0,8,6.9,65.9,67.5,60,40,20,16,3,HubSpot,Mailchimp,MS Teams,0,3.8,2.8,3.8,3.47,1,0,6,0,Leadership Skills,No,No,3.2,7.3,Cross-Functional Move,4,2.1,3.9,Moderate,High,High,Yes,2,4,52,4.8,Medium,47.85,65.7,92.1,7.4,Moderate,Reviewed,Yes
MKT-2116,Aditi Iyer,43,Female,Kolkata,MBA (Marketing),Google Ads,Sales Enablement,Sales Analyst,Junior,Full-Time,Remote,6/16/2017,8,Senior Marketing Manager,390000,2.9,7.8,7.2,6.4,4.5,4.6,6.6,6.7,2.8,3.4,5.1,4.4,4.1,6,6.9,5.46,Below Expectations,Customer Retention,90,125,138.9,2,81,13.3,44.01,2.9,12,255,46.5,171.1,44.96,5126,40349,7.8,18,6,5,9.5,79.5,87.6,15,12,3,2,21,Salesforce,Mailchimp,Google Meet,0,3.6,4.3,4.1,4,3,0,0,1,Design Thinking,No,No,3.3,24.7,Stay in Current Role,5.3,4.3,4,Moderate,Medium,Medium,No,3,6,-18,4.8,Low,31.39,98.5,65.5,7.4,Significant,Not Involved,No
MKT-2117,Yuvraj Pillai,45,Male,Lucknow,B.Com (Hons),None,Customer Engagement & CRM,Head of CRM,Leadership,Full-Time,On-Site,5/3/2017,8.2,Senior Marketing Manager,1240000,10,6.3,6,8.5,7.4,7.7,7.6,7,8.3,9.4,5.3,5.8,5.2,8.2,10,8.03,Exceeds Expectations,Customer Retention,68,62,91.2,4,58,5.3,43.21,3.8,6,280.1,45.1,238.9,17.46,5684,72280,7,26,5,3,10,81.4,67.5,86,70,16,0,0,Asana,HubSpot,Google Meet,1,3.7,2.8,3.1,3.2,4,5,1,3,Data Analytics for Marketers,No,Yes,7,4.7,Cross-Functional Move,4.1,4.9,5,Moderate,High,Medium,No,5,4,-2,7.4,Medium,21.44,93.5,91.2,7.3,Significant,Not Involved,No
MKT-2118,Swati Sharma,26,Female,Chennai,BA (Journalism),HubSpot Marketing,Content & Creative,Graphic Designer,Junior,Full-Time,Remote,12/3/2017,7.6,Senior Marketing Manager,390000,3,5.7,6.9,4.3,7.8,8.8,10,8.7,4.8,5.5,6.4,8.3,6,2.7,5.5,6.45,Meets Expectations,Lead Generation,79,86,108.9,5,1,14.1,6.35,4.9,26,114.5,14.2,290.9,21.62,3711,62727,6.5,10,8,0,8,74.8,69.6,56,42,14,10,3,Tableau,Asana,Slack,0,4,4,4.8,4.27,2,0,5,0,Negotiation & Persuasion,No,No,7,18,Cross-Functional Move,5,4.9,4.6,Moderate,Low,Medium,No,4,0,55,2.4,Medium,15.34,70.1,58.4,8.4,Minimal,Contributed,Yes
MKT-2119,Kiara Verma,47,Female,Kolkata,MBA (Finance),SEMrush SEO,Content & Creative,Graphic Designer,Junior,Full-Time,Hybrid,1/29/2023,2.4,CMO,540000,8.9,3.8,6.7,5.2,2.6,5.2,9.8,8.9,1.5,6.9,4.1,6.1,2.1,3.5,7.9,6.01,Meets Expectations,Campaign ROI,66,68,103,1,92,21.8,36.18,4.5,18,295.3,18.9,202.5,2.8,6931,23386,7.9,3,17,6,1.7,88.2,82.8,75,66,9,0,16,Google Analytics,Power BI,Google Meet,0,4.8,5,4.8,4.87,1,0,0,0,Data Analytics for Marketers,Yes,No,1.8,21,Cross-Functional Move,5.5,2.4,2.6,Moderate,Low,Medium,No,3,1,46,6.3,Medium,34.32,73,74.2,5.1,Minimal,Contributed,Yes
MKT-2120,Neha Khanna,44,Female,Hyderabad,MBA (Marketing),Google Analytics,Market Research & Insights,Senior Research Analyst,Senior,Full-Time,Remote,8/31/2022,2.8,VP Marketing,900000,9.7,8.3,6.7,5.3,10,6.4,4.5,6.1,10,10,6.8,9.9,8.1,7.9,5.2,8.06,Exceeds Expectations,Customer Retention,75,95,126.7,2,71,18.6,51.31,2.9,14,112.9,14.6,227.1,5.48,6565,56960,10.2,2,13,5,10,82.2,98.3,74,61,13,9,20,Adobe Creative Suite,Power BI,Google Meet,8,3.7,3.5,4,3.73,4,5,3,0,Data Analytics for Marketers,No,Yes,0.6,4.4,Entrepreneurship,4.7,3.7,3.1,Moderate,High,Medium,Yes,1,4,65,6.3,Medium,25.02,84.6,50.1,8,Moderate,Not Involved,Yes
MKT-2121,Bharat Dubey,45,Male,Delhi,MBA (Finance),PMP,Content & Creative,Content Strategist,Mid-Level,Full-Time,On-Site,6/13/2021,4,Marketing Director,790000,7.8,6.1,5.8,9.2,10,4.4,7.7,8.5,4.7,7.5,4.8,3.4,7.1,6.5,6.6,6.99,Meets Expectations,Digital Reach,81,58,71.6,4,45,11.4,54.01,2.8,52,210.8,13.7,90.8,50.9,3573,35504,7.9,1,3,10,4,56.4,99.8,84,47,37,36,0,Google Analytics,SEMrush,MS Teams,0,3.6,3.6,3.3,3.5,0,0,4,4,Social Media Strategy,No,No,3.9,13.6,Entrepreneurship,7.5,4.2,3.2,Moderate,Low,Low,Yes,3,1,-16,4.1,High,28.69,60.5,71.1,4.9,Moderate,Executed,Yes
MKT-2122,Kavya Kumar,44,Female,Surat,MBA (Finance),Salesforce CRM,Performance Marketing,Director Performance,Leadership,Contract,Remote,10/21/2022,2.7,CMO,1890000,7.9,9.5,8.3,7.7,4.3,5.8,4.8,10,7.7,8.9,6.8,6.3,6.3,9.9,4.8,7.52,Exceeds Expectations,Digital Reach,65,75,115.4,15,450,14.5,43.07,3.7,5,49.2,24.7,177.2,21.59,5153,44342,7.3,27,11,7,7.3,94.1,69.2,67,63,4,4,22,Adobe Creative Suite,Google Ads,Slack,4,3.5,3,3.7,3.4,3,0,4,2,Digital Transformation,Yes,Yes,0.6,23.4,Cross-Functional Move,8.4,2.7,3.9,Moderate,High,Medium,No,4,2,72,10,High,53.76,82,62.5,10,Moderate,Reviewed,Yes
MKT-2123,Sneha Singh,48,Female,Jaipur,MBA (Marketing),PMP,Content & Creative,Content Writer,Junior,Full-Time,Remote,4/11/2023,2.2,CMO,310000,4.6,6.6,6.9,6.4,7.3,5.6,6,2,4.4,5.3,5.6,6.5,8.7,4.2,5.4,5.97,Meets Expectations,Sales Conversion,84,79,94,2,81,21.3,28.69,3.4,70,177.5,27.9,197.3,8.11,5164,23982,8.9,8,6,2,5.8,86.1,77.9,51,44,7,6,15,Meta Ads Manager,Google Analytics,Google Meet,0,4,2.9,4.7,3.87,1,0,6,0,Data Analytics for Marketers,No,No,1.4,22.5,Cross-Functional Move,6.5,4.5,3,Moderate,Medium,Low,No,3,4,79,5.9,Medium,23.91,106,79.3,5.4,Moderate,Not Involved,Yes
MKT-2124,Ankit Reddy,28,Male,Delhi,MA (Mass Communication),Google Analytics,Brand & Communications,Brand Executive,Junior,Full-Time,On-Site,9/16/2017,7.8,Senior Marketing Manager,440000,8.2,3.7,7.9,5,7.5,7.2,6.1,7.9,6.7,4.3,6.1,6.4,5.4,7.2,2.1,6.28,Meets Expectations,Brand Awareness,67,75,111.9,10,100,5.9,45.35,4.8,63,166.3,28.7,194.6,15,2096,71563,8.3,25,15,6,7.8,74.6,81,65,48,17,14,0,Hootsuite,Google Ads,Google Meet,0,4.3,2.9,3.4,3.53,3,0,2,4,Social Media Strategy,No,No,4.9,18.3,International Exposure,7.6,3.7,4.9,Low,High,Medium,No,5,0,67,6.2,High,42.93,90.4,54.1,9.9,Minimal,Reviewed,Yes
MKT-2125,Divya Menon,24,Female,Chennai,B.Sc (Statistics),Meta Blueprint,Digital Marketing,Head of Digital,Leadership,Full-Time,Remote,4/15/2019,6.2,CMO,1380000,8.6,10,9.3,10,8.6,9.5,6.8,8.6,8.1,8.3,4.2,10,10,5.4,7.6,8.81,Outstanding,Digital Reach,84,116,138.1,14,291,11.8,45.82,4.1,5,198.4,27.9,95.2,53.36,5133,37092,10.7,17,12,8,8.7,88,81.1,81,71,10,10,19,Asana,SEMrush,MS Teams,13,4.2,2.7,4.1,3.67,0,8,5,3,Effective Communication,No,Yes,6.1,4.6,International Exposure,4.6,2.3,3.3,Low,High,High,Yes,4,1,-22,8.3,Medium,35.1,63.1,92.5,10,Minimal,Contributed,No
MKT-2126,Xander Patel,30,Male,Bengaluru,PGDM (Marketing),Meta Blueprint,Sales Enablement,Sales Enablement Executive,Junior,Contract,Hybrid,2/18/2017,8.4,CMO,440000,7,6.4,6.7,3.8,6.2,4.9,10,5.7,5.7,5.7,4.5,3.4,5.6,5.1,6.1,6.23,Meets Expectations,Content Engagement,75,111,148,1,28,24,37.07,4.8,4,283.9,31.5,120.5,16.59,6190,21512,10.8,26,19,1,9.9,53.2,81.5,55,29,26,15,8,Power BI,Mailchimp,MS Teams,0,3.9,4.9,3.3,4.03,4,0,7,0,Social Media Strategy,Yes,No,7.6,13,Entrepreneurship,7.1,4,2.3,High,High,Low,Yes,1,2,80,5.3,Low,46.1,59.3,63.7,1.9,Moderate,Not Involved,No
MKT-2127,Tarun Trivedi,50,Male,Surat,MBA (Marketing),LinkedIn Marketing,Customer Engagement & CRM,CRM Executive,Junior,Full-Time,On-Site,5/22/2018,7.1,Head of Department,440000,6.3,6.3,6.8,8,7.7,4.3,6.1,8.3,6.7,6.8,3.4,3.2,4,5,6.7,6.34,Meets Expectations,Customer Retention,83,101,121.7,2,89,17.2,8.23,3.9,6,51.2,25.2,249.4,30.31,7616,50307,9.7,17,20,2,6.5,83.9,80.9,53,44,9,8,0,Meta Ads Manager,Power BI,Zoom,0,3.3,3.2,3.1,3.2,0,0,2,2,None,No,No,6.1,18.2,Leadership Role,3,4.1,4.7,Moderate,High,Medium,Yes,4,0,77,5.4,High,23.05,94.9,65.9,5.5,Significant,Contributed,Yes
MKT-2128,Ritika Saxena,47,Female,Surat,B.Sc (Statistics),AWS Cloud Practitioner,Brand & Communications,Brand Executive,Junior,Full-Time,Remote,11/20/2019,5.6,Marketing Director,430000,7.4,7.8,4.8,7.9,5,5.1,8.9,6,5.4,7.7,2.1,4.1,6.4,1.8,4.1,6.27,Meets Expectations,Content Engagement,99,94,94.9,7,88,9.6,25.93,3,46,83.6,23.1,249.4,21.54,737,19557,6.5,1,13,9,10,89.7,86.2,37,33,4,2,21,Mailchimp,Meta Ads Manager,Zoom,0,3.9,3,4.9,3.93,3,0,5,1,Social Media Strategy,No,No,0.6,23.1,Domain Expert,3.6,4.6,4,High,Low,Medium,Yes,4,2,62,7.7,Medium,9.11,76.1,66.2,9.5,Minimal,Contributed,Yes
MKT-2129,Gauri Rao,26,Female,Pune,MA (Mass Communication),Google Ads,Public Relations,PR Coordinator,Junior,Part-Time,Remote,11/27/2021,3.6,Senior Marketing Manager,410000,1.9,6.9,5.5,3.8,5.5,7.7,4.9,8.2,4.1,8.2,3.1,2.2,3.5,4.5,6.2,5.31,Below Expectations,Email Performance,82,54,65.9,6,67,8.5,16.43,3.1,60,187.1,35.5,295.8,18.88,7562,27831,9.2,7,3,8,10,89.1,90.7,25,22,3,3,14,Asana,Salesforce,Google Meet,0,2.6,4.7,4.5,3.93,1,0,0,2,Effective Communication,Yes,No,3.2,24.2,Leadership Role,4.5,4.6,4.9,High,Medium,Medium,No,1,2,80,8.6,Medium,6.43,93.2,64.3,7.1,Moderate,Contributed,Yes
MKT-2130,Manish Kumar,23,Male,Mumbai,B.Sc (Statistics),HubSpot Marketing,Content & Creative,Graphic Designer,Junior,Contract,Remote,10/23/2020,4.7,Head of Department,400000,9.1,4.8,7.9,9.5,5.6,6.5,8.6,4.8,7.3,10,7.7,7.2,8.2,6.5,6.2,7.72,Exceeds Expectations,Sales Conversion,94,67,71.3,8,66,15.5,20.21,4.1,29,178.3,22,91,20.11,709,19857,9.1,6,3,2,5.3,60.4,81.5,18,11,7,0,16,SEMrush,Tableau,Slack,0,3.7,4.9,3.1,3.9,2,0,5,3,AI in Marketing,Yes,Yes,4.7,18.2,Stay in Current Role,7.7,2.1,2.9,Low,Medium,Medium,No,5,5,-26,5.7,Medium,4.07,101.3,73.6,3,Moderate,Reviewed,Yes
MKT-2131,Dhruv Varma,34,Male,Surat,B.Tech,HubSpot Marketing,Digital Marketing,Digital Marketing Manager,Senior,Contract,Hybrid,9/7/2018,6.8,Head of Department,790000,6.3,9.4,9,8.5,6.9,8.2,9.5,10,5.5,9,10,8,8.2,8.1,6.7,8.46,Exceeds Expectations,Market Share Growth,97,119,122.7,5,497,13.5,21.91,2.9,5,78.2,13.3,287.3,42.54,5158,69217,7.1,11,8,8,4.7,93.9,88.9,54,51,3,0,9,Google Analytics,Meta Ads Manager,Slack,5,4,3,3.9,3.63,4,4,6,2,Data Analytics for Marketers,No,Yes,5.9,22.9,Stay in Current Role,10,2.7,2,Moderate,Low,Medium,No,0,5,35,7.4,Medium,23.6,95.3,93.3,9.1,Minimal,Reviewed,Yes
MKT-2132,Pari Agarwal,35,Female,Lucknow,B.Sc (Statistics),LinkedIn Marketing,Performance Marketing,Performance Marketing Manager,Senior,Full-Time,Hybrid,8/24/2022,2.9,Head of Department,950000,7.9,9.8,6.7,6.8,8.6,8.6,10,5.4,10,8.4,7.4,7.8,5.3,7.7,7.1,8.42,Exceeds Expectations,Customer Retention,72,96,133.3,20,159,14.1,16.86,3.8,5,68.5,37.6,136.2,7.95,5327,53893,9.8,24,14,7,2.5,83.4,68.6,89,74,15,14,9,Tableau,Power BI,Google Meet,13,2.7,4.4,3.7,3.6,1,10,4,1,None,No,Yes,0.5,19.7,Entrepreneurship,8.4,2.4,4,Moderate,High,Medium,Yes,5,6,-4,6.7,Medium,42.68,85.3,76.5,8.4,Significant,Not Involved,Yes
MKT-2133,Rajesh Khanna,33,Male,Surat,BBA,Meta Blueprint,Content & Creative,Graphic Designer,Junior,Full-Time,On-Site,4/2/2022,3.2,CMO,450000,3.3,5.6,4.5,5.6,4.3,4.6,7.6,6.7,5.8,5.1,5.2,6.3,3,1.2,7.3,5.37,Below Expectations,Sales Conversion,84,99,117.9,7,4,8,4.23,3.7,51,118.3,46.5,88.1,48.42,5223,53535,9.2,10,17,5,8.8,92.2,70.9,77,71,6,3,0,Jira,Tableau,Slack,0,2.8,3.6,4.3,3.57,4,0,2,4,Design Thinking,Yes,No,1.7,8.8,Entrepreneurship,5.2,4.6,2.4,High,Medium,Medium,Yes,3,0,64,2.6,Medium,54.34,96.9,99.8,6.1,Significant,Reviewed,No
MKT-2134,Neha Tiwari,29,Female,Chennai,M.Com,Salesforce CRM,Sales Enablement,Sales Analyst,Junior,Contract,Remote,3/18/2018,7.3,CMO,520000,9.1,6.5,6.4,7.8,5.2,8.1,3.8,7.3,8.3,8.5,6.4,7.2,4.4,7.2,5,7.16,Exceeds Expectations,Market Share Growth,92,102,110.9,7,176,10.3,46.2,3.8,16,144.5,19.6,315.7,31.62,6271,11326,9.3,4,9,7,5.5,55,59.2,51,28,23,11,11,Meta Ads Manager,Salesforce,Zoom,0,3.3,3.8,4.6,3.9,3,0,3,1,Digital Transformation,Yes,No,4.7,12.3,International Exposure,10,2.2,2.9,Very High,High,Medium,Yes,0,1,7,3.2,Medium,7.63,71.2,81.1,7.3,Significant,Executed,Yes
MKT-2135,Charu Sharma,53,Female,Pune,M.Com,SEMrush SEO,Content & Creative,Creative Manager,Senior,Part-Time,Remote,3/17/2022,3.3,Marketing Director,1020000,7.4,9.4,7.9,6.8,6.5,6.3,7.7,9.5,5.7,7.3,10,7.5,4.3,7.9,6.6,7.73,Exceeds Expectations,Content Engagement,78,83,106.4,2,97,13,23.81,3.1,58,34.5,35.3,191.9,10.85,7795,38138,9.5,2,7,7,8.5,57.9,72.5,90,52,38,38,20,Asana,Meta Ads Manager,Zoom,13,4.7,4.9,3.9,4.5,4,2,2,5,Effective Communication,No,Yes,0.5,17.1,Leadership Role,4.7,2.3,3.8,High,Medium,High,Yes,3,4,10,5,Low,18.36,71.9,66.9,7.4,Moderate,Contributed,Yes
MKT-2136,Deepak Dubey,34,Male,Surat,BA (Journalism),HubSpot Marketing,Customer Engagement & CRM,Customer Success Associate,Junior,Part-Time,Hybrid,8/7/2016,8.9,CMO,490000,7.8,7.5,5.5,4.4,7,5.9,6.9,6.3,5.4,5.5,7.4,7.2,6.7,6.6,8.2,6.88,Meets Expectations,Market Share Growth,92,76,82.6,0,24,8.9,51.34,4.2,3,173.6,17.5,195.1,29.6,746,34206,8.2,28,12,4,6.8,98.1,83.4,14,14,0,0,20,Asana,Adobe Creative Suite,Slack,0,3.3,2.6,3.5,3.13,2,0,4,5,Negotiation & Persuasion,Yes,No,3.2,13.1,International Exposure,4.3,4.7,3.2,Moderate,High,Medium,No,4,6,19,7.6,High,45.79,89.5,50.4,8.4,Minimal,Contributed,Yes
MKT-2137,Ankita Malhotra,23,Female,Ahmedabad,M.Com,None,Sales Enablement,Sales Enablement Manager,Senior,Full-Time,Remote,10/21/2021,3.7,CMO,940000,6.3,3.6,6.7,9.4,9.5,8.5,2.6,9.9,5.1,4.3,10,7.7,5.6,6.9,6.9,6.83,Meets Expectations,Campaign ROI,80,114,142.5,5,167,16,37.24,3.7,15,202.5,39.6,264.6,46.32,6179,68697,8.5,33,14,10,5.8,81.9,66.7,40,33,7,0,8,Adobe Creative Suite,Tableau,Zoom,11,2.9,2.9,4.4,3.4,3,5,3,0,Design Thinking,No,No,1.7,23.8,Leadership Role,4.9,5,4.5,Very High,High,Medium,No,3,2,-16,7.9,Low,4.04,88.4,53.1,7.6,Minimal,Executed,Yes
MKT-2138,Anjali Mishra,32,Female,Chennai,M.Com,Salesforce CRM,Digital Marketing,Social Media Manager,Mid-Level,Full-Time,Remote,11/25/2022,2.6,Marketing Director,790000,5.7,7.4,5.4,4.6,6.5,4.2,7.2,3.3,9.4,5.6,6.5,6.6,6.4,3.7,5.1,6.25,Meets Expectations,Digital Reach,81,97,119.8,5,162,19.5,37.49,2.8,13,199.8,29.1,284,40.39,3227,4328,8.9,20,4,3,5,65,81.4,14,9,5,1,12,SEMrush,Tableau,Slack,0,3.9,3.8,3.5,3.73,4,0,0,5,Leadership Skills,Yes,No,1.5,24.1,Leadership Role,5.5,4,1.8,High,Medium,Low,No,1,0,31,1,Medium,52.07,62.4,88.8,10,Significant,Not Involved,No
MKT-2139,Kiara Patel,30,Female,Nagpur,MA (Mass Communication),PMP,Digital Marketing,SEO Analyst,Junior,Part-Time,On-Site,5/15/2023,2.1,Senior Marketing Manager,530000,1.6,7.9,2.4,5.8,4.3,8,3.2,6.7,2.9,2.1,7.6,5.1,5.6,2.7,5.2,4.85,Below Expectations,Campaign ROI,73,59,80.8,7,142,13.1,31.53,4.9,16,40.2,45.5,334.3,23.41,4870,79333,7.2,32,5,0,9.9,63.4,84.9,44,28,16,7,0,Hootsuite,Mailchimp,Zoom,0,2.6,3.2,4.4,3.4,0,0,5,6,Advanced Excel,No,No,1.7,15.7,Entrepreneurship,5.2,4.5,4,Very High,High,Medium,Yes,4,6,53,6.9,Medium,52.15,66.4,88.3,5,Minimal,Reviewed,Yes
MKT-2140,Aditi Verma,22,Female,Lucknow,MA (Mass Communication),AWS Cloud Practitioner,Sales Enablement,Sales Analyst,Junior,Full-Time,Remote,9/6/2020,4.8,VP Marketing,480000,8.6,7.6,8.2,6.2,8.5,3.3,7,3,4.3,4.6,5.7,7.4,5.9,7,8.3,6.82,Meets Expectations,Content Engagement,96,76,79.2,6,287,19.9,43.49,4.3,16,119.6,23.2,146.6,44.81,3824,77136,10.3,7,15,9,6.7,80.5,85.7,39,31,8,8,5,SEMrush,Tableau,Google Meet,0,3.7,4.8,4.3,4.27,3,0,3,2,Design Thinking,Yes,No,1.6,16.2,Domain Expert,3.1,4,2.9,Very High,High,Medium,No,4,6,20,5.9,Low,21.13,88.5,80.7,5.3,Minimal,Executed,No
MKT-2141,Yash Naidu,47,Male,Kolkata,MBA (Finance),HubSpot Marketing,Sales Enablement,Sales Enablement Executive,Junior,Full-Time,Remote,5/11/2019,6.1,Senior Marketing Manager,440000,8.8,7.3,6.4,10,2.6,4.9,3.3,7.7,6.5,6.2,7.7,5.8,4.7,3.5,7.7,6.69,Meets Expectations,Lead Generation,80,53,66.2,3,336,10,6.32,4.5,6,234.4,21,83.6,47.8,4579,50723,8.2,26,15,4,10,88.3,84.8,50,44,6,5,13,HubSpot,Power BI,MS Teams,0,4.3,4.8,4.1,4.4,1,0,2,3,Advanced Excel,No,No,0.9,8.2,Domain Expert,4.4,4.5,4.1,Very High,High,Medium,No,1,4,27,7.1,Medium,10.03,76,59.5,5,Significant,Reviewed,No
MKT-2142,Ankita Dutta,25,Female,Lucknow,M.Com,Content Marketing Institute,Market Research & Insights,Senior Research Analyst,Senior,Full-Time,Remote,5/20/2022,3.1,Marketing Director,1120000,8.4,9.8,8.5,5.9,6.3,8.5,9.8,6.7,4.1,8.1,6.4,5.2,7.4,10,5.6,7.83,Exceeds Expectations,Email Performance,93,65,69.9,4,34,9.3,20.24,4.9,15,141.3,46.1,266.4,39.97,7377,16882,9.2,6,13,3,7.1,77.3,59.5,87,67,20,18,14,Jira,Canva,MS Teams,9,3.5,2.9,3.7,3.37,2,12,3,5,Leadership Skills,No,Yes,1.6,19.5,Domain Expert,10,2.5,2.7,Very High,High,Medium,Yes,0,4,10,7,Low,6.99,98.9,79.6,6.3,Moderate,Reviewed,Yes
MKT-2143,Prateek Sethi,53,Male,Kolkata,BBA,Hootsuite Social Media,Brand & Communications,Brand Strategist,Junior,Full-Time,Remote,10/29/2015,9.7,Head of Department,520000,7.3,9.4,7.4,7.5,8.6,7.9,5.3,4.7,6.1,10,5.8,6.1,9.1,4.6,4.3,7.48,Exceeds Expectations,Campaign ROI,69,106,153.6,20,68,3.2,47.33,3.2,34,212.6,27.4,142.6,55.05,2581,45054,9.6,28,4,10,7.7,89.4,68.6,88,79,9,0,2,SEMrush,Canva,MS Teams,0,4.5,3.8,4.2,4.17,2,0,6,4,Data Analytics for Marketers,Yes,No,0.9,24.9,Stay in Current Role,6.3,2.7,2.8,Moderate,High,Medium,Yes,3,0,0,8,Medium,36.92,86.1,83,6.6,Minimal,Executed,Yes
MKT-2144,Uday Dutta,41,Male,Surat,B.Com (Hons),Salesforce CRM,Customer Engagement & CRM,Head of CRM,Leadership,Full-Time,On-Site,7/6/2017,8,CMO,1880000,7.2,4.5,4.8,7.9,9.4,7.8,6.1,5,8,9.3,10,5.7,5.5,8.8,9.6,7.56,Exceeds Expectations,Email Performance,66,92,139.4,0,68,5,27.29,4.2,4,297.5,40.9,234,19.92,3565,12219,9.3,2,14,7,6.3,51.1,88.6,63,32,31,29,0,Meta Ads Manager,Hootsuite,Google Meet,9,3.6,4.2,4.8,4.2,1,9,7,6,Social Media Strategy,Yes,Yes,5.6,11.2,Stay in Current Role,5.9,4.1,1.9,Low,Medium,Low,No,3,3,51,8.4,Medium,29.66,94.5,77.9,8.4,Significant,Contributed,Yes
MKT-2145,Manish Das,29,Male,Lucknow,B.Tech,Google Analytics,Sales Enablement,Sales Enablement Specialist,Mid-Level,Part-Time,On-Site,8/11/2017,7.9,VP Marketing,690000,5.1,8.9,5.3,7.4,9.3,1.8,10,3.9,6.1,6.7,5.7,6.1,7.1,6.3,7.9,6.87,Meets Expectations,Email Performance,89,73,82,6,466,19.7,15.81,2.9,9,9.1,33.2,94.2,22.29,5978,70425,9.7,0,7,9,8.8,86,64.8,86,74,12,1,0,Meta Ads Manager,SEMrush,Google Meet,0,4.7,4.8,3,4.17,1,0,6,6,Project Management,No,No,2,16.3,Domain Expert,6.9,2.4,3.9,Moderate,High,Medium,No,2,1,79,6.3,Medium,17.17,77,55.3,7.6,Significant,Contributed,Yes
MKT-2146,Aisha Naidu,44,Female,Surat,MBA (Finance),Content Marketing Institute,Performance Marketing,PPC Executive,Junior,Full-Time,On-Site,8/3/2021,3.9,VP Marketing,390000,4.6,3.9,7.1,8.6,3.8,4.2,4.2,5.9,5.2,5.6,2.9,5.6,4,5.9,1.4,4.95,Below Expectations,Digital Reach,85,64,75.3,4,172,12.7,22.1,4.9,4,278.1,26.6,94.3,15.46,6653,36336,8.1,32,11,7,8.2,81.9,71.5,86,70,16,5,0,Salesforce,Google Analytics,Slack,0,4.7,4.4,4.1,4.4,4,0,2,2,Effective Communication,No,No,0.9,21.5,Domain Expert,3.4,2.4,4.2,Low,High,High,No,4,6,-30,3.9,Low,18.86,80.3,82,5.1,Significant,Not Involved,Yes
MKT-2147,Arun Kulkarni,25,Male,Bengaluru,MA (Mass Communication),AWS Cloud Practitioner,Brand & Communications,Brand Strategist,Junior,Contract,Remote,2/1/2015,10.4,Senior Marketing Manager,580000,4.6,5,7,5.3,3.2,7,7,5.3,7,3.5,8.3,4.8,3.9,5.9,9,5.99,Meets Expectations,Sales Conversion,79,77,97.5,18,32,20.1,29.12,3.7,44,94.5,18.7,105.4,23.58,645,49283,7.6,30,8,9,7.2,70.7,90.3,21,15,6,0,8,Google Analytics,Jira,Slack,0,3,3.1,4.2,3.43,3,0,5,2,None,No,No,4.1,19.3,Cross-Functional Move,9.2,4.9,2.5,High,High,Low,No,5,1,-10,4.4,Medium,33.7,61.4,69,4.8,Significant,Not Involved,Yes
MKT-2148,Rahul Mehta,32,Male,Hyderabad,MA (Mass Communication),LinkedIn Marketing,Sales Enablement,Sales Enablement Specialist,Mid-Level,Full-Time,On-Site,8/4/2020,4.9,VP Marketing,760000,5.2,7.5,6.5,7.5,4.9,6.6,6.7,4.4,8.8,9.5,6.3,8.1,9,4.3,7.9,7.21,Exceeds Expectations,Email Performance,90,94,104.4,6,136,10,24.39,4.5,12,112.5,42.8,220.1,18.91,1593,39535,9.2,1,8,4,10,64.9,76.8,39,25,14,14,0,Meta Ads Manager,Tableau,Google Meet,0,3.9,3.1,4.1,3.7,2,0,7,4,Project Management,Yes,No,2.4,14.4,Entrepreneurship,6.9,4.2,2.7,Moderate,Medium,Low,No,1,3,-12,6.1,High,16.29,90.1,61.2,10,Significant,Reviewed,Yes
MKT-2149,Manoj Singh,24,Male,Pune,B.Sc (Statistics),Hootsuite Social Media,Brand & Communications,Brand Strategist,Junior,Contract,Hybrid,2/4/2020,5.4,VP Marketing,420000,4.7,7.3,6.8,5,6,4.8,7.3,6.3,5.7,4.1,3.5,5.8,5.2,3.9,7.1,5.88,Meets Expectations,Lead Generation,82,100,122,3,1,15.8,21.98,4.8,50,0.5,16,247.8,43.99,2921,79566,10.8,21,4,1,4.8,73,80.1,80,58,22,8,8,Adobe Creative Suite,Mailchimp,Google Meet,0,4.8,4.4,4.7,4.63,3,0,0,7,Digital Transformation,Yes,No,1.9,17.2,Leadership Role,8.6,4,3.2,High,High,Low,No,0,4,60,6,Low,37.94,89,79.3,5.6,Moderate,Not Involved,Yes
MKT-2150,Simran Shah,21,Female,Jaipur,B.Com (Hons),Google Ads,Performance Marketing,PPC Executive,Junior,Full-Time,Hybrid,6/4/2018,7.1,VP Marketing,400000,3.7,6.6,5.7,4.2,4,7.3,4.4,6.3,6.7,5.3,8.6,8.4,2.8,2.8,10,6.06,Meets Expectations,Brand Awareness,84,117,139.3,5,265,17.7,15.15,3.2,11,73.2,45,252.5,35.19,5300,25725,10.3,24,18,10,10,99.5,92.7,49,49,0,0,8,Adobe Creative Suite,Canva,Google Meet,0,3.7,2.8,3.1,3.2,0,0,0,4,AI in Marketing,No,No,2.1,19.1,Stay in Current Role,2.1,2.3,4,Moderate,High,High,Yes,4,2,-2,3.9,Low,50.14,105.4,89.6,3,Minimal,Not Involved,Yes
MKT-2151,Ritika Dutta,33,Female,Kolkata,MBA (Finance),SEMrush SEO,Digital Marketing,Digital Marketing Executive,Junior,Part-Time,On-Site,4/30/2020,5.2,Head of Department,440000,6.2,5.9,10,6.1,6.9,3,8.4,5.8,4.8,5.2,7.6,5.9,3.5,5.8,7,6.45,Meets Expectations,Market Share Growth,78,77,98.7,14,499,14,30.52,3.2,18,11.8,14.4,228.5,31.86,1443,75086,9,20,0,4,5.8,53.3,59,50,27,23,9,0,Meta Ads Manager,Jira,Slack,0,3.4,3.6,3.6,3.53,2,0,0,3,Data Analytics for Marketers,No,No,1.2,15.3,Leadership Role,4.5,2.3,4.8,High,Medium,High,No,1,0,-2,6.1,Medium,48.66,58.6,69.6,7.1,Minimal,Contributed,Yes
MKT-2152,Brinda Naidu,39,Female,Delhi,MA (Mass Communication),HubSpot Marketing,Market Research & Insights,Head of Research,Leadership,Full-Time,Hybrid,1/1/2015,10.5,Head of Department,1160000,6.3,10,4.9,8.3,8.6,5.7,9,9.5,10,9.7,8.7,9.9,7.9,7.8,8.4,8.57,Outstanding,Customer Retention,91,67,73.6,8,1,1.9,33.67,3.1,6,29.1,19.7,322,56.1,4262,12322,7.7,22,10,0,7.8,75.1,96.5,21,16,5,0,0,Canva,SEMrush,Google Meet,4,2.9,4.3,3.7,3.63,3,11,7,2,Negotiation & Persuasion,No,Yes,4.9,8.4,Stay in Current Role,6.9,3.1,4.2,Low,Medium,Medium,No,0,4,28,9.4,Low,34.65,65.7,82,7.9,Moderate,Executed,Yes
MKT-2153,Gaurav Nanda,28,Male,Mumbai,B.Sc (Statistics),Google Analytics,Content & Creative,Head of Content,Leadership,Part-Time,Hybrid,12/8/2021,3.6,Marketing Director,1780000,9.1,6.2,7.9,8.7,6.3,8.3,6.7,7.9,6.3,2.4,9.3,7,8.2,7.1,7.5,7.5,Exceeds Expectations,Market Share Growth,97,125,128.9,8,16,16.7,35.99,3.7,38,67.1,33,81.8,25.7,1357,75726,10.5,24,9,1,3.8,57.9,92.2,88,51,37,19,21,Google Ads,Google Analytics,Google Meet,13,4.7,3.5,4.5,4.23,1,7,7,0,Digital Transformation,Yes,Yes,2.3,21.6,Domain Expert,9.5,2.4,4.1,Moderate,High,Medium,No,4,1,-22,6.2,Medium,27.28,99.9,84.7,10,Moderate,Executed,No
MKT-2154,Kavya Sethi,29,Female,Surat,MBA (Marketing),PMP,Market Research & Insights,Research Analyst,Junior,Full-Time,Hybrid,2/27/2016,9.3,Marketing Director,400000,7.2,6.3,3.9,6.2,5.3,3.5,4.6,3.6,3.6,8.6,2.8,4.8,4.2,6.3,7.9,5.69,Meets Expectations,Digital Reach,70,58,82.9,7,79,22.5,2.02,4,15,67.9,22.8,210.8,6.25,2041,18521,10.9,19,18,1,7.9,62.3,86.7,86,54,32,12,7,Google Analytics,Asana,MS Teams,0,3.6,3.7,5,4.1,2,0,3,2,Effective Communication,No,No,8.5,8.9,Entrepreneurship,3.6,2.6,3.5,High,High,High,No,4,4,0,6.4,Medium,47.08,102.2,55.6,5.1,Significant,Executed,Yes
MKT-2155,Ruhi Pandey,38,Female,Delhi,MBA (Finance),None,Performance Marketing,PPC Executive,Junior,Contract,Remote,11/14/2022,2.6,Marketing Director,360000,8.6,5.1,5,8.6,6.9,5.1,7.6,5.1,3.2,6,6.8,3.6,6.8,5.6,5.4,6.36,Meets Expectations,Sales Conversion,76,109,143.4,16,96,20.1,21.22,4.6,15,76.6,19.1,286.6,34.93,6386,52122,8,7,5,3,7.2,93.3,58.5,46,43,3,1,22,Asana,Adobe Creative Suite,Zoom,0,4.3,4.7,3,4,4,0,2,5,Effective Communication,No,No,2.5,15.4,Stay in Current Role,5.8,4,4.4,Moderate,Low,Low,No,0,6,29,6,Low,5.02,76.3,62.5,5.9,Minimal,Executed,No
MKT-2156,Ananya Chandra,44,Female,Surat,MA (Mass Communication),Google Analytics,Brand & Communications,Brand Executive,Junior,Part-Time,Remote,3/30/2020,5.3,Marketing Director,350000,7.1,4.3,7,4.2,3.4,5.7,4.9,5,6.1,9,4.6,9.8,7,5.4,7.5,6.28,Meets Expectations,Digital Reach,77,53,68.8,9,10,21.1,12.34,4.3,8,245.9,42.7,299.1,35.19,6080,46031,9.5,21,2,10,3.4,67.7,61.8,84,57,27,11,10,Google Ads,SEMrush,Zoom,0,3.7,4.3,4.2,4.07,2,0,3,4,Advanced Excel,No,No,5,23.1,Stay in Current Role,3.4,3.3,3.1,Moderate,Medium,Medium,No,4,0,-7,8.3,Medium,29.72,70.4,61,7.1,Minimal,Executed,Yes
MKT-2157,Kiara Desai,45,Female,Ahmedabad,B.Tech,LinkedIn Marketing,Performance Marketing,Director Performance,Leadership,Full-Time,Remote,7/16/2024,1,Senior Marketing Manager,1320000,5.1,10,7.1,6.2,6.4,10,5.8,7,5.1,6.6,7.9,5.5,7.9,7.5,6.7,7.28,Exceeds Expectations,Lead Generation,72,45,62.5,12,86,14.5,49.18,4.9,10,136.7,31.5,99.8,59.92,4620,20014,6.7,7,1,4,7.8,80.1,56.2,34,27,7,3,3,Meta Ads Manager,Salesforce,Zoom,12,3.9,2.6,4.8,3.77,3,9,5,7,Data Analytics for Marketers,Yes,No,0.8,15.2,International Exposure,7.9,3.4,3,Moderate,Low,Medium,Yes,0,4,69,1.6,High,15.25,99.3,73.6,9.9,Moderate,Reviewed,Yes
MKT-2158,Rajesh Shah,29,Male,Chennai,BA (Journalism),Meta Blueprint,Brand & Communications,Brand Executive,Junior,Full-Time,Hybrid,2/2/2018,7.4,VP Marketing,320000,7.6,5.4,6.7,7.6,5.7,6.6,8.8,7.8,6.1,4.9,7.9,3.8,6.8,4.9,8,6.91,Meets Expectations,Brand Awareness,75,99,132,14,100,22.1,10.26,3.7,65,139.1,26.1,205.8,27.09,5420,38832,10.5,14,20,7,8.7,55.1,69.1,33,18,15,4,22,Tableau,HubSpot,Slack,0,3.2,3.4,4.4,3.67,4,0,4,2,Effective Communication,Yes,No,1.7,5.5,Leadership Role,6.5,5,2.2,High,High,Low,No,1,5,46,4.2,Low,51.99,63.1,86.7,5.5,Minimal,Executed,Yes
MKT-2159,Gauri Naidu,54,Female,Chennai,B.Tech,Google Ads,Sales Enablement,Sales Enablement Executive,Junior,Full-Time,Remote,8/29/2019,5.8,Senior Marketing Manager,300000,3.6,5.1,5.7,6,9.7,6.8,2.7,8,5.5,4.2,6.3,3.4,8.7,5.4,6.4,5.8,Meets Expectations,Digital Reach,79,65,82.3,6,487,5.1,26.66,3.9,17,232.9,24.8,212.4,54.78,3322,65550,8.1,29,3,1,3.6,90.6,58.3,20,18,2,0,15,Asana,SEMrush,MS Teams,0,2.5,3.3,3,2.93,3,0,7,6,Data Analytics for Marketers,Yes,No,1.4,12.8,Domain Expert,6.6,3.6,4.7,Very High,High,Medium,Yes,1,1,16,7.2,Medium,18.83,83.3,81.2,1.3,Moderate,Executed,Yes
MKT-2160,Esha Malhotra,27,Female,Hyderabad,MBA (Finance),Meta Blueprint,Public Relations,PR Coordinator,Junior,Full-Time,Hybrid,3/19/2022,3.3,VP Marketing,410000,6.2,4.7,2.8,6.1,7.6,3.1,4.2,9,8.8,6.2,3.5,5.8,2.3,4.2,4.9,5.53,Meets Expectations,Email Performance,66,41,62.1,0,14,7.6,44.66,4.4,64,84.9,25.7,95.2,35.56,4573,24429,11,34,7,7,6.2,87.7,56.1,70,61,9,2,20,Asana,MS Excel,Slack,0,5,3.6,3.3,3.97,3,0,3,7,Negotiation & Persuasion,No,No,1,14.6,Entrepreneurship,5.5,4.4,3.8,Moderate,High,Low,Yes,5,1,-18,8.9,Medium,29.07,78.3,80.1,3.8,Minimal,Reviewed,Yes
MKT-2161,Kunal Kulkarni,27,Male,Delhi,BBA,LinkedIn Marketing,Performance Marketing,Performance Marketer,Mid-Level,Full-Time,On-Site,11/14/2019,5.6,CMO,690000,7,5.2,6.7,4.6,6.8,8.1,7.6,6.3,6.3,7.5,5.7,4.8,10,3.3,5.6,6.7,Meets Expectations,Content Engagement,87,65,74.7,9,34,13.7,42.92,3.2,15,166.1,25.3,315.7,50.08,3630,53101,10.1,33,14,10,10,58.1,86.3,50,29,21,11,0,MS Excel,Canva,Zoom,0,3.2,3.8,3.4,3.47,2,0,3,1,Negotiation & Persuasion,Yes,No,0.5,10.9,Leadership Role,5.6,4.2,4.5,Low,High,Low,No,3,3,37,5.8,Medium,11.74,71.3,85.5,6.8,Minimal,Reviewed,Yes
MKT-2162,Megha Bhat,21,Female,Ahmedabad,MBA (Marketing),HubSpot Marketing,Customer Engagement & CRM,Customer Success Associate,Junior,Full-Time,On-Site,5/21/2017,8.1,Senior Marketing Manager,480000,9.7,5.2,1,7.2,3.5,6.4,6.6,5.1,5.9,8,5.5,8.9,5.1,6.2,8.9,6.64,Meets Expectations,Brand Awareness,92,98,106.5,8,39,14.1,15.78,4,2,172.2,13.2,168.2,1.39,2187,58151,8.3,19,9,5,10,81.9,82.1,26,21,5,0,0,Jira,Google Analytics,Slack,0,4.6,4.5,4.9,4.67,3,0,4,2,AI in Marketing,No,No,4.5,22.6,International Exposure,7.5,3.8,3.8,Very High,High,Low,No,1,5,-17,6.5,Medium,38.02,83.2,95.5,8.4,Significant,Reviewed,Yes
MKT-2163,Aditya Malhotra,38,Male,Ahmedabad,M.Com,Meta Blueprint,Public Relations,Senior PR Manager,Senior,Full-Time,On-Site,1/23/2015,10.4,CMO,780000,9.7,9.9,8.5,8.1,10,7.1,6.5,8.8,8.7,7.5,7.6,10,6.3,7.4,6.5,8.65,Outstanding,Sales Conversion,65,66,101.5,2,18,1.5,2.56,4.4,13,48.5,18.4,81.3,35.9,6395,69759,9.3,0,7,8,7.7,63.7,89.3,20,13,7,5,0,Salesforce,Mailchimp,MS Teams,10,4.1,4,4.9,4.33,1,7,7,0,Advanced Excel,Yes,Yes,2.1,19.9,International Exposure,5.1,4.3,3.7,Moderate,Medium,Medium,No,5,1,14,7.1,Medium,54.05,101.2,94.2,8.1,Moderate,Not Involved,Yes
MKT-2164,Deepak Patil,41,Male,Hyderabad,B.Sc (Statistics),Google Ads,Brand & Communications,Brand Strategist,Junior,Full-Time,Hybrid,3/7/2015,10.3,Marketing Director,550000,9,4.2,5.2,6.5,6.3,7.1,4,7.2,5.9,8.9,8,8.1,8.8,6.1,4.8,6.86,Meets Expectations,Email Performance,74,75,101.4,12,70,16.7,38.35,3.8,44,113.1,27.8,243.4,15.01,5695,55266,8.5,12,1,9,6.8,72.3,76.9,65,47,18,6,21,Canva,Jira,Zoom,0,3.6,3.1,3.2,3.3,2,0,4,7,None,No,No,3.1,11.4,Domain Expert,4.7,3.5,2.9,High,Low,Medium,No,5,6,7,8,High,29.74,92,51.9,5.7,Significant,Contributed,Yes
MKT-2165,Xander Sen,48,Male,Hyderabad,MBA (Marketing),SEMrush SEO,Digital Marketing,Social Media Manager,Mid-Level,Part-Time,Remote,6/4/2022,3.1,Senior Marketing Manager,760000,6.4,2.7,5.6,8.5,8.3,8.7,9.6,3.2,9.2,6.4,5.2,4.1,6.2,5.9,2.9,6.53,Meets Expectations,Customer Retention,98,80,81.6,8,360,23.4,38.58,3,1,189.8,9,339.2,3.61,3911,27087,10,16,0,3,8.9,61.6,79.9,60,37,23,5,6,Google Ads,Tableau,Zoom,0,4.9,4.6,4,4.5,2,0,3,7,Leadership Skills,No,No,1.7,7.1,Cross-Functional Move,4.3,4.7,2.1,Moderate,High,Medium,Yes,3,5,-4,3.7,High,31.03,107.2,94,7.2,Moderate,Executed,Yes
MKT-2166,Komal Rao,22,Female,Nagpur,PGDM (Marketing),Content Marketing Institute,Content & Creative,Content Writer,Junior,Full-Time,Hybrid,10/20/2024,0.7,CMO,370000,4.2,7,5.7,6.7,7.7,3.3,5.5,4.7,4.9,3.2,3.4,1,7,4.3,5.6,5.23,Below Expectations,Lead Generation,87,96,110.3,5,55,20.5,44.95,5,21,147.9,20.1,94.8,57.79,1561,30338,7.7,34,0,7,5.1,97.1,69.6,44,43,1,0,13,Google Ads,SEMrush,Zoom,0,2.8,3.4,3.2,3.13,1,0,3,3,Data Analytics for Marketers,Yes,No,0.5,15.5,International Exposure,7.9,3,1.9,High,High,Medium,No,2,2,33,5,Medium,29.12,63.7,74.9,6.4,Significant,Executed,No
MKT-2167,Varun Mukherjee,47,Male,Jaipur,M.Com,PMP,Public Relations,PR Coordinator,Junior,Full-Time,Hybrid,1/19/2021,4.4,Marketing Director,560000,5.7,6.2,9.9,6.3,7,8,7.1,5.9,4.8,4.8,3.3,7.5,5.9,5.7,5.3,6.51,Meets Expectations,Email Performance,73,67,91.8,6,90,18.6,5.89,4.7,27,53.5,31.2,314.1,14.34,779,5034,8.2,10,8,0,8.8,56.2,98.4,60,34,26,23,9,Google Analytics,HubSpot,MS Teams,0,4.5,3.1,4.8,4.13,3,0,0,0,AI in Marketing,No,No,2.9,19.1,Leadership Role,3.2,4.8,3,Moderate,Low,Medium,No,5,6,-3,9.7,Medium,35.41,91,92.7,7.2,Significant,Not Involved,Yes
MKT-2168,Waqar Pillai,33,Male,Kolkata,BBA,None,Public Relations,PR Coordinator,Junior,Contract,Remote,8/17/2016,8.9,Senior Marketing Manager,540000,8.6,5.6,7.9,4.8,4.4,8.4,6.7,3.6,5.3,4.7,5.9,8.1,5.7,5.4,3.7,6.35,Meets Expectations,Sales Conversion,80,65,81.2,2,5,22.6,51.28,3,41,116.1,16.2,261.5,22.78,1832,67416,10.5,29,17,2,3.3,63.9,87.5,74,47,27,7,5,Asana,MS Excel,Zoom,0,4.9,2.8,3,3.57,2,0,7,3,Design Thinking,Yes,No,6.9,12.4,Entrepreneurship,8.5,3.1,4.8,Very High,High,Medium,Yes,3,1,59,6.7,Medium,39.09,89.9,62.6,8.4,Moderate,Executed,Yes
MKT-2169,Xander Krishnan,49,Male,Hyderabad,BA (Journalism),Hootsuite Social Media,Public Relations,PR Manager,Mid-Level,Full-Time,On-Site,9/12/2022,2.8,Head of Department,600000,4.3,6.8,6.4,5.5,5.8,7.1,7.2,8.1,5.1,7.4,5.3,8.6,4.8,2.9,4.9,6.29,Meets Expectations,Customer Retention,99,93,93.9,1,40,11.5,50.1,3.4,30,256.3,13,313.1,34.12,2868,62875,7.3,17,18,5,6.7,56,56.2,51,29,22,19,0,Adobe Creative Suite,Jira,Slack,0,4.4,4.8,4,4.4,0,0,5,1,Advanced Excel,Yes,No,1.6,19.2,Cross-Functional Move,7.2,3.6,3.9,Moderate,Medium,Medium,Yes,2,6,-26,9.1,Low,10.27,103.3,65.1,7.8,Moderate,Contributed,Yes
MKT-2170,Pooja Pandey,27,Female,Chennai,BA (Journalism),PMP,Digital Marketing,Digital Marketing Executive,Junior,Full-Time,Hybrid,3/19/2021,4.3,Senior Marketing Manager,350000,5.7,6.3,3.2,8.4,6.2,3.2,7.3,2.2,7.3,6.6,6.8,6.2,3.8,5.1,9,6.24,Meets Expectations,Content Engagement,92,132,143.5,20,383,18.7,44.48,3.2,7,127,47.5,192.8,44.45,1014,63891,8.2,22,19,3,7.8,82.5,92.7,47,39,8,3,13,MS Excel,Salesforce,Google Meet,0,4.7,4.7,4.2,4.53,0,0,4,6,Leadership Skills,No,No,1.1,8.3,Cross-Functional Move,2.7,4,3.9,High,Medium,Medium,No,5,5,22,6.7,Low,11.07,100.7,55.7,5.9,Significant,Not Involved,Yes
MKT-2171,Riya Khanna,29,Female,Bengaluru,BA (Journalism),SEMrush SEO,Market Research & Insights,Research Analyst,Junior,Contract,Remote,8/13/2018,6.9,Senior Marketing Manager,320000,7.5,6.7,5,3.2,9.8,7.7,4.2,8.1,7.4,4.8,6.7,4.8,7.7,5.3,4.3,6.49,Meets Expectations,Customer Retention,99,139,140.4,4,23,10.2,21.4,2.9,7,101.2,16.6,117.8,17.02,4796,33034,10.9,28,1,3,6.2,63.6,99.9,69,44,25,24,4,Power BI,Hootsuite,Google Meet,0,2.7,3.3,4.3,3.43,2,0,2,3,Design Thinking,No,No,4.2,16.6,Cross-Functional Move,7.2,2.8,4.7,Moderate,High,Medium,No,0,4,25,6.6,Medium,6.53,62.4,52.3,7.3,Significant,Reviewed,Yes
MKT-2172,Ankit Agarwal,51,Male,Lucknow,MA (Mass Communication),None,Public Relations,PR Coordinator,Junior,Contract,Remote,2/18/2021,4.4,CMO,570000,4.3,6.6,7.4,3.4,6.2,5.2,4.7,8.6,9.5,6.2,9.7,7.7,6.7,5.9,5.8,6.55,Meets Expectations,Email Performance,72,49,68.1,8,8,5.8,41.23,3.1,63,191,44.4,142.4,17.66,3894,37626,10,4,5,9,6.8,98.4,63.2,25,25,0,0,6,HubSpot,SEMrush,Google Meet,0,4.4,3.5,4.9,4.27,1,0,0,0,Project Management,Yes,No,1.8,12.9,Entrepreneurship,9.5,4.3,2,Moderate,High,Low,Yes,3,0,50,6.8,High,51.6,81.4,75,5.9,Significant,Contributed,No
MKT-2173,Priya Patil,51,Female,Ahmedabad,MA (Mass Communication),Content Marketing Institute,Content & Creative,Content Strategist,Mid-Level,Contract,On-Site,1/18/2023,2.5,VP Marketing,640000,8.2,8.1,5.5,5.4,7.8,6,8.8,10,5.6,6.4,8,5.5,7,1.6,6.8,7.23,Exceeds Expectations,Content Engagement,76,69,90.8,2,73,12.8,46.35,2.8,70,69.3,19.4,188.3,3.01,248,76755,8.2,1,2,2,4.6,70.3,74.9,73,51,22,1,0,MS Excel,Mailchimp,Slack,0,3.5,4.5,5,4.33,4,0,3,1,AI in Marketing,No,No,0.8,18.1,Entrepreneurship,8.6,2.2,2.3,Moderate,Low,Medium,No,5,3,34,3,High,49.11,95.3,92.2,4.2,Minimal,Contributed,Yes
MKT-2174,Pooja Banerjee,40,Female,Kolkata,MBA (Finance),Meta Blueprint,Brand & Communications,Communications Manager,Mid-Level,Full-Time,Remote,4/20/2019,6.2,Head of Department,590000,5.7,6.5,6.1,6.4,6.8,5.3,5.1,5.1,6,10,7.7,7.7,8.1,7.4,4.6,6.72,Meets Expectations,Email Performance,68,68,100,11,12,13.7,42.27,4.7,39,181.3,13,83.8,41.94,1255,22489,8.1,3,9,8,4.2,67.7,55.3,74,50,24,19,12,Google Analytics,SEMrush,Google Meet,0,3.5,3.7,4.6,3.93,3,0,4,3,Advanced Excel,No,No,2.7,17.8,International Exposure,8.5,3.3,3,High,Low,Medium,No,5,6,56,5.7,Medium,42.14,60.9,57.5,4.4,Minimal,Contributed,Yes
MKT-2175,Piyush Tiwari,43,Male,Jaipur,B.Sc (Statistics),Google Analytics,Market Research & Insights,Data Analyst,Junior,Contract,Remote,5/18/2023,2.1,CMO,430000,5.3,6.4,3,5,5.6,5.2,3.1,4,6.4,6.5,6.9,4.6,5.6,6,5.4,5.51,Meets Expectations,Content Engagement,81,92,113.6,6,22,2.7,9.32,4.4,12,244.9,23.2,316.4,19.06,5344,34922,10.1,22,8,5,5.3,97.1,90.1,77,75,2,1,21,Meta Ads Manager,Mailchimp,Slack,0,3,3.3,3.9,3.4,4,0,5,2,Project Management,No,No,1.5,16.6,Entrepreneurship,7,2.5,4.4,High,High,Medium,Yes,2,1,54,5.1,Medium,1.55,87.7,78.2,6.7,Significant,Reviewed,No
MKT-2176,Manoj Naidu,22,Male,Surat,B.Com (Hons),None,Performance Marketing,PPC Executive,Junior,Part-Time,On-Site,11/30/2023,1.6,Marketing Director,420000,5.9,6.6,6.8,4,6.3,5.3,2.5,7.7,10,5.1,3.7,2.7,3.1,5.6,3.4,5.56,Meets Expectations,Lead Generation,83,64,77.1,18,81,13.9,3.79,3.2,13,46.3,45.1,332.8,24.68,3037,67692,7.4,31,0,1,8,95.4,91.3,44,42,2,0,0,Tableau,Mailchimp,Google Meet,0,3.6,3,4.8,3.8,4,0,3,2,Digital Transformation,No,No,1,20.3,International Exposure,5.9,4.8,1.9,Moderate,High,Low,Yes,4,3,-27,6.8,Low,23.62,84.7,63.9,2,Minimal,Not Involved,Yes
MKT-2177,Hema Singh,25,Female,Ahmedabad,MBA (Marketing),Salesforce CRM,Brand & Communications,Communications Manager,Mid-Level,Contract,Remote,11/3/2016,8.7,Head of Department,800000,6,5.2,5.7,8.7,6.1,6.1,10,7.4,8,6.4,5.3,4.2,6,10,7.6,6.98,Meets Expectations,Email Performance,76,64,84.2,2,4,5.2,42.89,4.5,8,209.9,27.9,260.7,14.68,2123,3094,6.8,2,10,5,6.6,79.9,69.8,26,21,5,5,12,Adobe Creative Suite,Tableau,Zoom,0,4.2,2.9,4.2,3.77,4,0,1,4,Leadership Skills,Yes,No,2.8,13.9,International Exposure,4.7,2.2,4.7,Very High,High,High,No,1,3,75,5.6,High,29.64,108,71.6,5.8,Moderate,Not Involved,Yes
MKT-2178,Zain Sethi,42,Male,Delhi,B.Sc (Statistics),Google Ads,Public Relations,PR Executive,Junior,Contract,On-Site,4/18/2022,3.2,Senior Marketing Manager,400000,6.5,3.7,6.7,2.6,7.1,5.5,3.9,5.1,1.6,5.9,6.1,7.3,4.6,3.6,2.6,5.08,Below Expectations,Campaign ROI,89,125,140.4,4,49,7,36.47,4.2,68,262.9,40.5,224.8,7.88,6677,60470,10.4,12,3,9,9.9,80.9,98.6,47,38,9,7,0,Salesforce,Asana,Slack,0,3.1,3.5,4.2,3.6,0,0,6,3,Effective Communication,Yes,No,1.2,14.3,Leadership Role,5.8,3.5,2.6,Moderate,High,Medium,No,4,0,56,5.8,Medium,33.66,84.9,92.9,6.3,Significant,Executed,Yes
MKT-2179,Veer Verma,29,Male,Kolkata,MBA (Marketing),Meta Blueprint,Public Relations,Head of PR,Leadership,Full-Time,Hybrid,2/8/2015,10.4,Marketing Director,1870000,5.9,10,6.3,10,5.9,10,9.2,10,8.2,10,8.3,10,4.2,10,6.8,8.61,Outstanding,Customer Retention,72,105,145.8,1,54,21.5,8.7,3,44,131.1,28.9,300.2,41.77,5807,56759,8.6,24,13,8,8.2,88.9,79.8,17,15,2,1,0,Canva,Google Analytics,Google Meet,9,3.1,3.6,4.3,3.67,3,2,6,1,Digital Transformation,No,Yes,6.6,14.6,International Exposure,8.1,4.1,2,Moderate,High,Low,Yes,3,3,75,8.9,Medium,45.5,59.6,92.2,7.6,Minimal,Executed,No
MKT-2180,Amit Iyer,38,Male,Chennai,BA (Journalism),Salesforce CRM,Content & Creative,Graphic Designer,Junior,Full-Time,On-Site,10/21/2021,3.7,Senior Marketing Manager,530000,2,3,4.6,2,6.9,4.9,1.6,3.5,6.1,6.9,5.6,5.5,7.9,6.5,10,4.98,Below Expectations,Brand Awareness,73,50,68.5,1,52,11.8,0.95,3.4,50,112,25.7,103.8,46.3,4918,17460,8.7,26,16,7,8.3,53.8,74.9,46,25,21,3,0,HubSpot,Power BI,Google Meet,0,2.5,2.8,3.2,2.83,4,0,5,4,Project Management,No,No,0.7,10.3,Cross-Functional Move,6,2.8,3.8,Moderate,High,Medium,No,3,0,72,6,Medium,11.97,68.9,82.2,6.7,Moderate,Reviewed,No
MKT-2181,Swati Tiwari,54,Female,Ahmedabad,BA (Journalism),Hootsuite Social Media,Content & Creative,Head of Content,Leadership,Contract,Remote,12/14/2018,6.5,Marketing Director,1390000,6.4,7.1,7.8,6.3,9.7,9.2,8.6,10,6.8,8.9,10,7.1,9.8,8.5,10,8.53,Outstanding,Market Share Growth,90,114,126.7,1,12,20.5,12.19,3.8,65,235.8,23.7,270.1,46.97,4441,47599,7.2,7,11,6,3.7,93.5,72.8,43,40,3,1,7,Adobe Creative Suite,Power BI,Slack,1,4.9,3.4,4.7,4.33,0,9,1,7,Design Thinking,No,Yes,6.4,21.5,Entrepreneurship,7.2,4.2,2.1,High,Low,Low,No,2,5,18,7.7,High,32.99,63.1,98.4,7,Minimal,Contributed,Yes
MKT-2182,Prateek Rajan,47,Male,Nagpur,B.Tech,Meta Blueprint,Sales Enablement,Sales Enablement Specialist,Mid-Level,Full-Time,Hybrid,4/21/2023,2.2,Marketing Director,720000,6.4,4.2,8.9,8.1,8.5,5.5,7.6,4.8,7.9,7.4,3.8,5.5,6,6,6.1,6.75,Meets Expectations,Email Performance,91,112,123.1,0,454,9.8,40.88,4.7,3,261.7,42.9,191.1,5.75,5169,13963,10.2,7,8,6,5.8,54.5,65.1,32,17,15,15,16,Tableau,Meta Ads Manager,Zoom,0,3.8,4.1,4.7,4.2,0,0,3,7,Effective Communication,Yes,No,1.6,17.6,Leadership Role,6.8,4.3,2.7,Moderate,High,Low,Yes,4,4,59,7.1,Low,18.86,72,64.8,6.2,Minimal,Contributed,Yes
MKT-2183,Zain Saxena,43,Male,Pune,B.Tech,Google Analytics,Customer Engagement & CRM,CRM Analyst,Mid-Level,Full-Time,Remote,2/21/2017,8.4,VP Marketing,570000,9.3,10,7.8,4.3,6.3,7.1,7.4,6.5,6.4,5.5,8,7,9.9,4.6,7.8,7.72,Exceeds Expectations,Lead Generation,88,112,127.3,2,20,15.3,1.31,3.7,6,100.9,14.9,140.4,45.7,2008,59703,6.9,6,2,10,10,82.2,63.7,79,65,14,8,22,Canva,Meta Ads Manager,Slack,0,3.3,2.5,3.5,3.1,3,0,3,1,Digital Transformation,No,Yes,1.3,19.3,Domain Expert,6.1,4.1,1.6,Moderate,Low,Low,No,2,3,41,6.5,High,30.02,82,60.6,8.3,Significant,Not Involved,No
MKT-2184,Piyush Kapoor,54,Male,Pune,BBA,LinkedIn Marketing,Brand & Communications,Brand Executive,Junior,Contract,On-Site,2/18/2019,6.4,Head of Department,430000,4.8,8.8,4.8,6.2,7.9,6.2,7,5.1,5.5,7.4,3,4.8,6.3,4.6,5.7,6.31,Meets Expectations,Digital Reach,95,128,134.7,12,49,7.8,46.61,3,70,63.3,9.1,174.9,36.17,2918,8056,7.7,4,4,0,6.4,63.4,76.8,88,56,32,4,0,Google Analytics,Adobe Creative Suite,Google Meet,0,2.7,5,4.6,4.1,4,0,6,4,None,Yes,No,6.2,6.3,Leadership Role,1,2.8,4.6,High,Low,High,Yes,1,4,-27,5.2,High,8.22,72.3,51.4,5.6,Significant,Not Involved,Yes
MKT-2185,Veer Krishnan,44,Male,Bengaluru,PGDM (Marketing),Salesforce CRM,Sales Enablement,Sales Enablement Manager,Senior,Contract,On-Site,5/11/2015,10.1,Head of Department,1090000,5.7,8.8,6.5,10,8,8.6,7.7,8.4,6.5,8.5,8.3,9.2,7.6,7.6,7.6,8.16,Exceeds Expectations,Email Performance,78,71,91,8,159,16.6,10.22,3.2,1,130.8,46.8,285.4,13.6,4083,43049,7.1,10,14,10,8.8,74.1,79.6,59,44,15,3,0,Tableau,Mailchimp,Slack,12,4.3,2.9,4.9,4.03,3,1,7,3,Advanced Excel,No,Yes,5.7,22.8,Entrepreneurship,5.3,2.1,3.5,Low,Low,Medium,No,1,6,-16,7.2,Medium,13.91,77.5,98.3,9.6,Moderate,Executed,Yes
MKT-2186,Preeti Kapoor,39,Female,Jaipur,B.Com (Hons),Content Marketing Institute,Sales Enablement,Sales Enablement Manager,Senior,Full-Time,Hybrid,6/20/2019,6,Head of Department,1050000,7.9,9.1,9.2,8.1,6.5,10,8.4,8.1,4.8,6.8,5.3,3.7,6.4,10,5.4,7.73,Exceeds Expectations,Brand Awareness,97,77,79.4,1,91,5.2,50.32,4.7,18,83.1,35.9,149.9,51.55,6104,79565,9.7,8,12,10,2.8,70.5,78.2,35,25,10,2,18,Mailchimp,SEMrush,Google Meet,11,2.8,3.9,3,3.23,3,4,7,0,None,Yes,Yes,0.7,17.9,Cross-Functional Move,6.5,4.5,1.7,Moderate,High,Low,Yes,1,6,58,8.7,High,6.54,74.6,73.4,5,Moderate,Executed,Yes
MKT-2187,Ishaan Hegde,50,Male,Chennai,MBA (Marketing),Content Marketing Institute,Sales Enablement,Sales Analyst,Junior,Contract,Remote,1/24/2024,1.4,Marketing Director,450000,5.9,5.4,4.4,5.7,5.1,5.5,7.4,2.5,2.3,7.7,4.3,4.4,1.7,4.2,5.5,5.33,Below Expectations,Content Engagement,86,117,136,2,349,12.6,42.53,3.7,3,125.6,40.2,133.6,35.91,1634,68854,9.5,19,12,5,8.5,58.9,59.3,72,42,30,14,12,SEMrush,Tableau,Google Meet,0,4.7,2.8,4.6,4.03,3,0,0,4,Effective Communication,Yes,No,1.1,15.8,International Exposure,4.6,2.4,2.5,Moderate,Medium,High,No,1,5,5,7,Medium,14.91,99,93.5,5.1,Significant,Not Involved,Yes
MKT-2188,Yuvraj Singh,52,Male,Lucknow,PGDM (Marketing),PMP,Digital Marketing,Social Media Manager,Mid-Level,Full-Time,Hybrid,9/18/2019,5.8,Head of Department,750000,6.1,4.9,7.3,7.8,5.5,7.9,6.7,8.4,8,6,5.1,7.5,8.3,3.2,6.5,6.82,Meets Expectations,Lead Generation,72,85,118.1,4,466,7.3,1.42,4.7,7,244.7,20.4,120.4,5.4,7957,16714,9.6,8,9,5,5.4,81.7,58.4,89,73,16,14,13,Adobe Creative Suite,Hootsuite,Slack,0,3.7,4.8,4.9,4.47,1,0,7,1,Leadership Skills,Yes,No,4.9,8.3,Cross-Functional Move,7.6,3.5,3,Very High,High,Medium,No,5,1,37,5.3,Low,40.87,77.5,88.9,5.4,Significant,Not Involved,No
MKT-2189,Chirag Sinha,27,Male,Mumbai,M.Com,Google Analytics,Market Research & Insights,Data Analyst,Junior,Part-Time,On-Site,11/23/2016,8.6,VP Marketing,440000,10,6.3,6.4,10,6.2,6.2,7.3,1.8,4.9,6.7,5.6,3.6,9.2,6.6,1.9,6.72,Meets Expectations,Sales Conversion,81,116,143.2,0,68,14.9,22.85,3.7,12,93.2,22,106.7,11.93,5015,68674,8.7,1,0,0,6.7,55.7,66.9,33,18,15,4,0,HubSpot,Hootsuite,Google Meet,0,4.3,3.5,3.6,3.8,4,0,5,7,Negotiation & Persuasion,No,No,4.3,14.1,Leadership Role,7.2,3.6,3.4,Moderate,Medium,Medium,No,1,4,43,9.8,High,1.27,80,91.9,10,Moderate,Contributed,Yes
MKT-2190,Uday Joshi,39,Male,Hyderabad,B.Tech,HubSpot Marketing,Sales Enablement,Sales Enablement Specialist,Mid-Level,Contract,On-Site,9/4/2018,6.8,VP Marketing,570000,9.4,5.8,6.4,7,7.4,5.5,8,7.6,7.6,8.8,4.6,9.3,4.8,6.3,6.6,7.43,Exceeds Expectations,Email Performance,94,66,70.2,8,120,16.2,33.22,3.6,9,17.9,47.2,249.7,57.64,887,4732,10.9,20,18,8,7.2,56.9,83.4,40,23,17,7,0,Asana,Google Analytics,Google Meet,0,2.6,4.7,3.5,3.6,4,0,7,5,Digital Transformation,Yes,No,2.4,8.9,Entrepreneurship,8.1,4.1,3.9,Moderate,High,Low,No,2,2,52,8.9,Medium,0.77,76.1,67,10,Significant,Executed,Yes
MKT-2191,Kunal Tiwari,47,Male,Kolkata,MBA (Marketing),Google Ads,Brand & Communications,Brand Manager,Senior,Contract,Remote,4/27/2024,1.2,Head of Department,1080000,10,7.4,6.6,4.2,5.8,9.1,6.1,5.7,4.3,5.7,7,5.9,5.6,8.6,6.8,7.05,Exceeds Expectations,Market Share Growth,65,53,81.5,7,13,16.4,9.17,2.8,61,293.2,22,231.4,41.88,7974,6540,8.8,29,12,2,4.4,80.2,88.9,17,14,3,1,22,HubSpot,Power BI,Google Meet,15,2.9,3.4,3.4,3.23,3,1,6,2,Advanced Excel,No,No,0.7,18.8,Entrepreneurship,9.5,4.3,3.9,Very High,High,Low,No,5,5,-22,8.3,High,5.64,105.4,95.6,6.7,Minimal,Executed,Yes
MKT-2192,Kabir Naidu,43,Male,Ahmedabad,MBA (Finance),HubSpot Marketing,Customer Engagement & CRM,CRM Manager,Senior,Contract,Remote,10/1/2018,6.7,Head of Department,990000,6.8,4,9.9,10,9.3,9.5,5,6.3,6.4,9.9,9.3,6.6,7.5,10,8.8,8.06,Exceeds Expectations,Campaign ROI,96,71,74,6,40,4.1,52.89,4,18,32.8,27,334.7,39.69,4411,30783,9.6,5,18,9,5.6,67.2,93.5,21,14,7,6,7,Hootsuite,MS Excel,Slack,10,2.9,4.8,4.6,4.1,1,6,5,0,Leadership Skills,Yes,Yes,4.3,20.6,Stay in Current Role,7.3,3.4,3.5,Very High,High,Medium,No,4,2,26,9.1,High,22.92,92.6,54,7.6,Moderate,Contributed,Yes
MKT-2193,Akash Tiwari,31,Male,Mumbai,B.Tech,AWS Cloud Practitioner,Customer Engagement & CRM,Customer Success Associate,Junior,Full-Time,On-Site,7/25/2023,1.9,VP Marketing,390000,4.9,10,7.4,6.5,4.6,7,7.1,2.3,4.5,9.2,5.2,4.7,9,5.7,3,6.54,Meets Expectations,Market Share Growth,71,89,125.4,3,41,12.2,3.98,2.8,16,238,19.8,221,1.5,5351,15799,9.5,34,4,0,5.2,66.1,67.6,86,57,29,29,0,MS Excel,Salesforce,Google Meet,0,3.7,3.5,3.4,3.53,0,0,0,7,Leadership Skills,No,No,0.5,15,Domain Expert,5.3,3.8,3.2,High,High,Medium,No,2,1,-12,5.5,Medium,14.7,92.7,65.3,4.8,Significant,Not Involved,No
MKT-2194,Sonali Krishnan,23,Female,Hyderabad,B.Tech,Hootsuite Social Media,Market Research & Insights,Insights Manager,Mid-Level,Full-Time,On-Site,5/20/2017,8.1,VP Marketing,710000,5.7,9.3,6.8,7.3,7.6,6.6,5.5,3.3,8.1,9.6,4.1,8.2,6.7,6.9,8.1,7.36,Exceeds Expectations,Digital Reach,86,120,139.5,4,81,22.1,6.82,4.2,13,158,36.2,114.3,4.74,2737,33055,10.3,18,13,1,9.4,71.9,92.7,57,41,16,15,0,Asana,Hootsuite,Google Meet,0,3.1,3,4.7,3.6,4,0,3,4,AI in Marketing,Yes,No,3.8,6.9,Entrepreneurship,7.8,3.7,2.7,High,High,Medium,Yes,2,0,9,6.5,High,27.63,84.9,91.6,7.2,Moderate,Contributed,Yes
MKT-2195,Pari Sharma,40,Female,Bengaluru,MA (Mass Communication),Google Analytics,Customer Engagement & CRM,Customer Success Associate,Junior,Contract,On-Site,2/28/2019,6.3,Head of Department,540000,1.5,5.5,9.8,4,6.2,4.4,6.4,6.9,4.2,9,9.8,3.4,3,7,7.8,5.97,Meets Expectations,Lead Generation,73,79,108.2,6,7,1.9,18.67,2.9,15,215.5,42.4,300.1,20.76,5718,45668,7.8,6,3,0,6.9,60.2,68.4,53,32,21,4,0,Asana,Google Ads,Zoom,0,3.7,3.8,3.3,3.6,3,0,7,0,Negotiation & Persuasion,Yes,No,2.2,13.5,Entrepreneurship,6.2,4.4,3.5,Very High,High,Low,Yes,4,3,-6,4.1,High,26.08,103,50.6,8.7,Significant,Contributed,Yes
MKT-2196,Arun Khanna,22,Male,Nagpur,BA (Journalism),None,Public Relations,PR Coordinator,Junior,Full-Time,Remote,9/5/2021,3.8,CMO,390000,3.6,6.3,3.5,5.2,6.1,5.2,7.6,6.3,5.1,9.1,6,4.6,2.7,10,5,5.87,Meets Expectations,Lead Generation,76,97,127.6,1,95,1.6,13.11,3.6,47,257.5,28.8,114.9,39.22,2926,25905,6.6,31,13,5,6.5,63,75.3,88,55,33,10,9,Power BI,Asana,Slack,0,4.9,4.8,4.9,4.87,1,0,5,3,Social Media Strategy,Yes,No,0.5,18.2,Cross-Functional Move,6.6,4.8,2.5,Very High,High,Low,No,0,0,73,4.9,Low,27.39,96.2,67.1,3.5,Minimal,Contributed,Yes
MKT-2197,Saurabh Dutta,50,Male,Delhi,B.Sc (Statistics),Content Marketing Institute,Content & Creative,Graphic Designer,Junior,Full-Time,Hybrid,12/1/2020,4.6,Senior Marketing Manager,390000,6.7,6.1,3.7,6.1,7.8,5.8,5.4,7.2,8.2,7.1,3.7,7.5,4.2,5.5,4.2,6.26,Meets Expectations,Content Engagement,82,54,65.9,3,15,7.7,1.07,4.2,69,14.2,15.7,164.3,32.04,7009,14857,9.1,27,16,1,6.6,55.6,72.5,40,22,18,8,20,Mailchimp,Google Analytics,Google Meet,0,3.9,2.7,3.7,3.43,0,0,3,4,Advanced Excel,Yes,No,3.4,8.6,Domain Expert,7,3.9,2.3,Moderate,High,Low,No,4,5,34,6.1,Medium,24.86,66.6,83.9,7.1,Minimal,Reviewed,Yes
MKT-2198,Harish Shukla,27,Male,Hyderabad,MBA (Marketing),Hootsuite Social Media,Sales Enablement,Sales Enablement Specialist,Mid-Level,Part-Time,Remote,11/22/2018,6.6,VP Marketing,800000,5,7.8,6.8,6,6,3.9,8.1,7.7,5.3,7.2,8.7,4.2,6.2,6,6.7,6.62,Meets Expectations,Market Share Growth,97,101,104.1,5,311,6.2,21.17,3.5,10,242,32.4,243,53.32,5666,68354,7.3,29,9,8,10,54.8,71.2,89,49,40,22,9,Mailchimp,HubSpot,Slack,0,2.7,2.6,3.5,2.93,2,0,3,2,Data Analytics for Marketers,Yes,No,2,22.1,Cross-Functional Move,6.5,3.3,3.1,Low,High,Medium,No,3,5,53,9.1,Low,36.83,63.1,76.5,6.1,Moderate,Not Involved,No
MKT-2199,Deepika Rajan,38,Female,Lucknow,B.Sc (Statistics),LinkedIn Marketing,Public Relations,PR Coordinator,Junior,Full-Time,On-Site,3/10/2021,4.3,Marketing Director,540000,5.5,9.5,5.7,4.9,3.5,7.9,3.8,7.1,6.5,5.1,2,5.5,6.8,5.1,5.5,5.98,Meets Expectations,Market Share Growth,96,70,72.9,5,70,6.3,8.49,4.8,16,91,33.7,234.2,48.62,713,29972,9.3,30,3,9,7.5,88,58.2,89,78,11,2,0,Canva,Asana,Slack,0,2.7,3.6,3.4,3.23,1,0,7,7,Design Thinking,Yes,No,3.3,13.2,Domain Expert,5.3,3.1,1.5,Low,High,Medium,No,0,3,36,10,Medium,49.88,96.8,61.1,2.8,Significant,Not Involved,No
MKT-2200,Rajesh Pillai,35,Male,Nagpur,BA (Journalism),Content Marketing Institute,Public Relations,PR Manager,Mid-Level,Full-Time,On-Site,6/21/2024,1,Senior Marketing Manager,730000,8,5.9,6.8,4.1,5,3.4,8.1,6,4.3,6.8,5.1,6.5,6.7,4.5,6.3,6.2,Meets Expectations,Sales Conversion,76,51,67.1,8,50,20.7,21.76,2.8,64,199,37.6,255.7,1.33,5281,57747,9.3,8,11,1,3.9,90.3,94.4,38,34,4,0,0,SEMrush,Google Ads,Google Meet,0,3.9,3.9,4.3,4.03,1,0,4,6,Design Thinking,Yes,No,0.6,23.8,Cross-Functional Move,6.6,3.9,4,Moderate,Medium,Low,No,1,1,32,4.8,Medium,4.29,71.9,79.9,7.1,Moderate,Not Involved,Yes
MKT-2201,Tanvi Shah,24,Female,Surat,MBA (Marketing),PMP,Content & Creative,Content Strategist,Mid-Level,Full-Time,Remote,5/25/2017,8.1,Head of Department,570000,10,9.7,4.9,6,7.6,6.5,6.5,7.9,7.3,6.5,5.3,8.7,6.4,9.2,8.6,7.84,Exceeds Expectations,Content Engagement,82,58,70.7,4,19,12.3,42.39,3.8,27,51.4,23.1,87.2,25.11,5280,2914,6.6,12,6,7,8,73.6,73.3,37,27,10,1,14,Canva,Power BI,Zoom,0,4.7,3.4,3.8,3.97,3,0,3,1,Digital Transformation,No,Yes,4.4,6,Entrepreneurship,7.3,2.8,4.7,Very High,High,Medium,No,1,5,40,10,Medium,37.3,89.7,96.6,10,Minimal,Reviewed,Yes
MKT-2202,Karan Iyer,26,Male,Pune,MBA (Marketing),Salesforce CRM,Content & Creative,Graphic Designer,Junior,Full-Time,Hybrid,11/1/2019,5.7,Head of Department,550000,5.6,8.3,4.3,6.5,6.4,7.2,6.1,4.7,4.9,7.7,2.8,6.9,9.4,4.2,7.6,6.55,Meets Expectations,Sales Conversion,89,98,110.1,5,98,22,25.4,3.5,36,274.8,36.3,86.5,53.92,1204,47380,8.6,5,0,8,5.1,94.8,93.6,55,52,3,0,12,Mailchimp,Power BI,Google Meet,0,4.7,3,3.5,3.73,1,0,5,2,Design Thinking,Yes,No,3.8,10,Cross-Functional Move,7.3,3.7,3.8,Moderate,Medium,Medium,Yes,5,0,-23,8.4,Medium,30.45,104.8,91.2,6.7,Minimal,Executed,Yes
MKT-2203,Jhanvi Nanda,37,Female,Pune,PGDM (Marketing),None,Performance Marketing,Campaign Analyst,Junior,Contract,Hybrid,10/29/2021,3.7,VP Marketing,540000,6.3,5.7,8.6,2.3,5.6,8.1,6.6,5.8,8,5.2,5.3,5.1,8.3,5.2,6.4,6.43,Meets Expectations,Digital Reach,84,74,88.1,6,474,11.6,50.2,4.6,2,220,43.4,274.9,2.48,488,50590,7.3,35,15,9,9.2,62.2,78.7,22,14,8,3,12,Jira,Salesforce,MS Teams,0,3.6,2.5,3.2,3.1,4,0,4,2,Leadership Skills,No,No,3.4,8,Leadership Role,5,4.2,1.8,Moderate,High,Medium,Yes,2,4,-10,4.7,Medium,4.98,97.5,84,5.9,Significant,Reviewed,Yes
MKT-2204,Mohit Agarwal,44,Male,Pune,M.Com,AWS Cloud Practitioner,Content & Creative,Head of Content,Leadership,Full-Time,On-Site,12/19/2015,9.5,Marketing Director,1200000,10,6.5,9.9,8.5,8.2,5.9,10,7,6.6,10,8.2,7.5,6.7,5.2,9.9,8.58,Outstanding,Email Performance,96,88,91.7,4,19,7.6,7.76,4,0,212.3,24.8,110.5,43.92,2978,54777,6.9,16,5,0,5.7,91.1,84.3,31,28,3,2,0,Salesforce,Jira,MS Teams,15,2.5,3.8,4.8,3.7,0,5,3,7,None,No,Yes,6.5,8.3,International Exposure,7,4.9,4.8,Very High,High,Low,No,5,5,71,10,High,33.28,72.8,80.4,6.8,Moderate,Reviewed,Yes
MKT-2205,Simran Subramaniam,37,Female,Lucknow,B.Sc (Statistics),AWS Cloud Practitioner,Customer Engagement & CRM,Customer Success Associate,Junior,Full-Time,On-Site,2/6/2020,5.4,CMO,410000,2.9,9,4.6,4.8,3.4,5.4,5.1,4.9,2.8,6.1,4.1,9.7,2.2,3.2,6,5.29,Below Expectations,Digital Reach,91,69,75.8,0,46,8.6,7.88,4.1,5,244.6,15.9,237.9,12.36,259,62843,7.7,21,8,1,3.5,85.8,69,59,51,8,8,0,Tableau,SEMrush,Slack,0,4.3,3.2,4.7,4.07,1,0,1,4,Effective Communication,No,No,1.6,21.9,International Exposure,6.8,4.1,4.7,Moderate,Medium,Low,No,4,3,-9,9.2,Low,25.74,82.7,82,8.2,Moderate,Contributed,Yes
MKT-2206,Divya Verma,27,Female,Nagpur,PGDM (Marketing),Meta Blueprint,Customer Engagement & CRM,CRM Analyst,Mid-Level,Part-Time,Hybrid,11/7/2020,4.6,Head of Department,530000,7.3,5.1,6.9,7.2,5.2,9,4.5,3.8,5.7,6.6,6.5,6.2,7.9,2.9,5.9,6.46,Meets Expectations,Customer Retention,65,66,101.5,2,14,9,43.28,3.1,13,256,9.4,190.7,41.79,5825,79153,10.6,3,10,3,5,51,62.1,64,33,31,18,21,Power BI,Mailchimp,Slack,0,2.5,2.8,3.6,2.97,2,0,2,5,Effective Communication,No,No,1.6,23.4,Domain Expert,6,4.3,3.1,Very High,High,Low,No,1,4,-7,7.8,Low,25.87,77.1,62.9,7.2,Significant,Not Involved,No
MKT-2207,Yuvraj Desai,30,Male,Mumbai,MBA (Finance),Google Analytics,Digital Marketing,SEO Analyst,Junior,Full-Time,Remote,12/28/2015,9.5,Marketing Director,560000,3.4,5.9,7.1,8.3,7,4.5,8,5.7,6.7,6.9,6.9,7.5,7.3,9,4.1,6.51,Meets Expectations,Sales Conversion,96,118,122.9,12,227,21.2,34.46,3,18,4.1,35.9,253.3,12.89,3415,73311,8.8,1,18,2,2.6,86.8,98.8,23,20,3,1,8,Google Analytics,Google Ads,Zoom,0,4.9,4.6,3.7,4.4,2,0,7,6,Effective Communication,No,No,4.2,23.1,Leadership Role,6.9,4.7,4.3,High,Medium,Low,No,1,5,6,5.7,Medium,9.44,70.9,94.4,8.2,Minimal,Not Involved,Yes
MKT-2208,Kiara Bose,43,Female,Mumbai,B.Tech,HubSpot Marketing,Market Research & Insights,Data Analyst,Junior,Full-Time,Hybrid,2/20/2017,8.4,Marketing Director,500000,9.9,8.2,5.9,4,4.9,6.5,7.6,8.4,8,8.7,6.8,8.8,6.3,4.3,9.7,7.75,Exceeds Expectations,Content Engagement,70,75,107.1,6,88,22.6,34.7,4.8,16,155.6,44.9,123.1,51.64,3011,79019,9.4,7,10,2,7.9,88,81.8,50,44,6,3,11,HubSpot,Hootsuite,MS Teams,0,4.8,4,3,3.93,1,0,6,5,Data Analytics for Marketers,No,Yes,1.2,12.6,Leadership Role,5.3,3,3.5,Very High,High,Medium,No,3,4,71,4.8,Medium,28.64,77.7,75.2,4.6,Minimal,Contributed,Yes
MKT-2209,Vikram Bose,44,Male,Chennai,M.Com,HubSpot Marketing,Content & Creative,Content Writer,Junior,Contract,Hybrid,4/6/2019,6.2,Marketing Director,330000,7.2,6.3,8.9,7.3,4.6,5,4.4,6.9,8.3,6.9,4.5,1.8,5.8,6.5,6.1,6.39,Meets Expectations,Market Share Growth,83,109,131.3,6,26,19.1,28.34,4,35,62.3,33.7,285.6,12.06,6935,65796,10,13,13,10,8,64,55.4,82,52,30,30,6,Salesforce,Power BI,MS Teams,0,4.2,3.2,3.6,3.67,0,0,3,6,None,Yes,No,5.9,17.9,Entrepreneurship,5.8,2.2,2.9,Low,High,Medium,No,5,5,73,7.2,Medium,21.51,69.6,93.6,6.6,Minimal,Not Involved,No
MKT-2210,Dhruv Sen,33,Male,Pune,MA (Mass Communication),LinkedIn Marketing,Sales Enablement,Sales Analyst,Junior,Full-Time,Hybrid,9/30/2023,1.8,Head of Department,420000,8.6,8.3,4.7,4.1,5.5,7,4.6,7.7,5,8.6,4.6,4.6,7,5.2,6.1,6.59,Meets Expectations,Email Performance,87,75,86.2,3,196,18.1,27.11,4.6,6,70.4,28.6,161.5,17.25,7240,58303,8.4,33,5,5,8.2,80.8,73,34,27,7,5,0,HubSpot,Meta Ads Manager,Zoom,0,4.7,3.3,3.3,3.77,2,0,7,6,Effective Communication,Yes,No,1.1,18.8,Leadership Role,6.3,3.4,2,Moderate,High,Medium,No,0,3,17,7.1,High,28.92,83.3,92.4,5.4,Moderate,Reviewed,No
MKT-2211,Sachin Singh,51,Male,Lucknow,B.Tech,Meta Blueprint,Sales Enablement,Sales Enablement Executive,Junior,Part-Time,On-Site,7/7/2021,4,CMO,360000,6.1,5.7,5.1,4,5.1,6.2,2.8,7,6.4,4.6,5.9,5.5,10,2,7.6,5.79,Meets Expectations,Digital Reach,66,100,151.5,3,46,13.6,29.67,3.8,7,239.2,36.7,243,35.88,2089,26630,8.1,25,15,1,3.7,60.2,59.3,83,50,33,12,0,Power BI,Asana,Slack,0,2.8,2.5,3.4,2.9,0,0,6,1,Advanced Excel,Yes,No,0.9,20.5,Stay in Current Role,5.5,3.2,2.6,Moderate,High,Medium,Yes,4,0,38,5.6,Medium,25.47,60,86.3,3.4,Significant,Executed,Yes
MKT-2212,Chirag Das,31,Male,Kolkata,B.Com (Hons),Google Analytics,Customer Engagement & CRM,CRM Manager,Senior,Part-Time,Hybrid,6/14/2021,4,Marketing Director,910000,5.1,8.1,7.6,7.6,6.6,6.1,6.9,8.6,7.1,8,10,6.6,9.4,9.8,9.6,7.82,Exceeds Expectations,Content Engagement,81,95,117.3,7,76,9.4,37.64,4.7,1,131.2,24,171.2,23.35,5115,59936,9.2,1,11,2,4.4,78.1,96.1,39,30,9,3,0,Google Ads,Jira,Google Meet,11,4.8,4.8,4.1,4.57,4,3,0,0,AI in Marketing,Yes,Yes,2.2,14.2,Entrepreneurship,8.3,2.3,4.2,Moderate,Medium,Medium,No,0,2,5,4.7,Medium,43.01,86,54.6,5.4,Minimal,Not Involved,Yes
MKT-2213,Dev Nair,36,Male,Delhi,MBA (Marketing),Salesforce CRM,Performance Marketing,Campaign Analyst,Junior,Full-Time,Hybrid,12/2/2019,5.6,CMO,520000,5.5,6.4,6.4,10,6.9,5.1,7.5,5.5,4.3,7.1,4.3,7.8,2.7,5.4,8.5,6.6,Meets Expectations,Customer Retention,91,108,118.7,7,108,2,15.62,4.5,11,232.1,42.8,326.7,41.67,1909,7069,8,8,10,10,7.3,63.5,84.8,23,15,8,6,14,Mailchimp,Adobe Creative Suite,Google Meet,0,3.3,3.3,3.7,3.43,4,0,5,7,Design Thinking,No,No,3.8,23.1,Entrepreneurship,5,3.1,3.6,Low,Low,Medium,Yes,2,0,35,8.6,Low,43.34,105.8,99.6,9,Moderate,Not Involved,Yes
MKT-2214,Saurabh Chandra,48,Male,Chennai,PGDM (Marketing),Hootsuite Social Media,Customer Engagement & CRM,CRM Analyst,Mid-Level,Full-Time,Hybrid,6/7/2024,1.1,Head of Department,630000,7.2,9.4,4.6,4.5,6.6,6.8,6.7,3.9,6.1,7.3,3.6,7.5,7.3,4.9,5.1,6.63,Meets Expectations,Digital Reach,65,92,141.5,2,58,4.8,25.42,4.5,4,16.9,9.7,80.9,42.39,549,30315,10.9,35,15,1,4.7,91,58.8,57,52,5,3,15,SEMrush,Adobe Creative Suite,Slack,0,4.8,4.8,4.6,4.73,2,0,1,2,Negotiation & Persuasion,No,No,0.9,7.1,Stay in Current Role,7.8,2.6,2,High,High,Medium,Yes,1,1,66,5.1,Low,52.36,102.9,90.8,8.1,Minimal,Executed,Yes
MKT-2215,Sahil Nanda,30,Male,Surat,B.Tech,None,Market Research & Insights,Research Analyst,Junior,Contract,Remote,7/13/2016,9,Head of Department,280000,6.4,7.5,5.2,10,7.8,5.6,7.7,5.9,6.6,7.8,5.8,6.7,6.8,4.8,7.7,7.23,Exceeds Expectations,Email Performance,71,81,114.1,4,83,9.9,5.53,4.3,15,244.3,39.8,278.4,49.55,4901,13965,11,22,15,8,6.9,65.1,62,50,33,17,1,16,Adobe Creative Suite,Asana,Google Meet,0,3,3.8,3.4,3.4,2,0,0,3,Social Media Strategy,Yes,No,0.6,8.5,Cross-Functional Move,6,3.3,4.4,Moderate,High,Medium,No,1,0,13,8.6,Low,20.6,78.3,89.3,5.9,Minimal,Executed,No
MKT-2216,Veer Pandey,34,Male,Bengaluru,B.Sc (Statistics),PMP,Content & Creative,Content Strategist,Mid-Level,Part-Time,Remote,4/19/2019,6.2,Head of Department,720000,6.5,8.7,5.5,7.4,6.7,9.9,5.9,9.8,6.2,3.8,5.1,8.9,6,6.2,8.5,7.28,Exceeds Expectations,Email Performance,83,116,139.8,8,38,14.8,34.56,3.3,32,163,19.5,150.8,23.95,7927,50539,7.1,6,14,2,8.7,56,90.2,63,35,28,8,0,MS Excel,Google Ads,Slack,0,2.6,4.9,4.5,4,3,0,5,3,Social Media Strategy,No,No,2.3,8.1,Leadership Role,7.5,4,2.2,Very High,High,Low,No,0,1,3,8.9,Medium,38.21,99.6,93.9,5,Significant,Not Involved,No
MKT-2217,Vrinda Sethi,48,Female,Surat,M.Com,None,Customer Engagement & CRM,CRM Executive,Junior,Full-Time,Remote,8/13/2021,3.9,Senior Marketing Manager,430000,6,4.3,5.8,6.9,6.7,7.1,5.2,4.5,7.8,8.1,4.4,5.1,5.5,4.4,6.3,6.22,Meets Expectations,Customer Retention,74,86,116.2,6,50,18.2,39.73,4.5,9,250.3,17.1,84.9,6.66,3141,26517,8.9,22,3,3,6.7,67.1,93,56,38,18,10,21,Google Analytics,Power BI,Zoom,0,4.1,2.5,4.8,3.8,1,0,7,7,Effective Communication,No,No,3.5,9,Cross-Functional Move,6.2,4.8,3.4,Moderate,Medium,Low,No,3,5,72,5.7,Medium,24.01,74.7,56.7,3.4,Significant,Reviewed,Yes
MKT-2218,Chirag Nanda,21,Male,Kolkata,MBA (Marketing),Meta Blueprint,Performance Marketing,Performance Marketer,Mid-Level,Full-Time,On-Site,7/22/2021,3.9,Head of Department,790000,8,10,6.9,6.3,6.5,6.2,4.6,5.7,6.9,5.8,8.2,3.9,7.8,6.4,4.3,6.97,Meets Expectations,Lead Generation,94,81,86.2,12,288,17.9,2.4,4.3,4,267.3,18.2,252.7,4.44,3443,54015,7.4,33,13,4,6.2,54,89.6,87,47,40,5,0,Salesforce,Tableau,Slack,0,3.6,3.7,4.7,4,2,0,1,6,Negotiation & Persuasion,No,No,3.2,12.5,International Exposure,6,4.6,4.2,Moderate,High,Low,No,3,4,73,8.6,High,31.58,61.4,54.1,5.4,Moderate,Not Involved,Yes
MKT-2219,Uday Reddy,50,Male,Kolkata,B.Sc (Statistics),Meta Blueprint,Sales Enablement,Sales Enablement Manager,Senior,Full-Time,Remote,1/3/2018,7.5,CMO,970000,8.9,7.9,10,4.2,6.3,7.2,5.2,8,9.7,10,7.2,2.8,9.2,9.3,7.3,7.89,Exceeds Expectations,Market Share Growth,72,88,122.2,0,332,19.2,38.34,3.4,4,179.6,24.2,135.7,40.7,1039,75873,10.8,26,8,5,10,56.7,79.7,30,17,13,9,10,Power BI,Google Analytics,MS Teams,15,2.9,3.7,4.9,3.83,2,12,1,6,AI in Marketing,No,Yes,5.2,20.2,Cross-Functional Move,5.7,3.9,2.5,Moderate,High,Low,No,5,5,20,8.5,Medium,17.41,100.9,54.1,7.9,Significant,Not Involved,Yes
MKT-2220,Deepika Patil,47,Female,Chennai,PGDM (Marketing),PMP,Content & Creative,Creative Manager,Senior,Contract,On-Site,7/4/2018,7,Marketing Director,1030000,7.2,8.6,5.5,8.2,9,6.6,7.3,6.8,2.3,10,9.1,7.8,5.2,9.4,9.7,7.85,Exceeds Expectations,Email Performance,73,67,91.8,7,32,11.8,23.95,3.4,34,128.3,17.5,249.5,27.44,1358,39277,7,18,16,0,6.2,81.4,71.3,21,17,4,1,0,Adobe Creative Suite,HubSpot,MS Teams,2,2.7,4.8,3.2,3.57,1,12,4,3,Social Media Strategy,No,Yes,0.7,20.4,International Exposure,6.8,3.8,4.6,Moderate,Medium,Low,No,3,4,38,4.3,Medium,15.53,72.8,97.2,6.7,Moderate,Contributed,No
MKT-2221,Sonal Trivedi,47,Female,Lucknow,MBA (Marketing),Google Ads,Content & Creative,Graphic Designer,Junior,Full-Time,Hybrid,6/29/2015,10,Marketing Director,550000,6.5,9.2,3.3,6.1,6.6,6.3,7,5.6,4.4,9.7,4.6,6.4,6.4,5.4,7.8,6.84,Meets Expectations,Content Engagement,93,75,80.6,2,71,6,21.42,4.8,47,15.1,33.2,195.5,47.4,2263,9654,9.3,9,14,7,8.1,66.5,59.4,31,21,10,8,0,Meta Ads Manager,Mailchimp,Slack,0,4.4,4.4,3.5,4.1,3,0,1,0,Project Management,Yes,No,9.2,16.2,Cross-Functional Move,8.5,2.1,4.3,Low,Medium,Medium,No,4,2,64,5.8,High,52.52,61.6,86.2,7.2,Minimal,Executed,Yes
MKT-2222,Karan Shukla,53,Male,Nagpur,B.Tech,Meta Blueprint,Performance Marketing,Director Performance,Leadership,Contract,Hybrid,3/20/2018,7.3,CMO,1510000,9,9.7,7.4,7.1,8.2,10,9.2,4.5,4.3,5.8,9.4,6.3,8.7,8.7,6.8,8.18,Exceeds Expectations,Customer Retention,94,69,73.4,12,117,16.6,14.92,4.3,7,110.2,44,173.3,18.95,6327,21340,10.5,5,16,0,5.5,94,97.7,13,12,1,0,15,Mailchimp,Tableau,MS Teams,5,2.8,3.1,4.7,3.53,3,11,5,4,Design Thinking,No,Yes,6.7,7.7,International Exposure,7.3,4.9,4.6,Low,High,Low,Yes,1,4,28,8.8,Medium,23.57,79.2,68.2,9.1,Minimal,Contributed,Yes
MKT-2223,Komal Kapoor,32,Female,Pune,BBA,LinkedIn Marketing,Public Relations,PR Manager,Mid-Level,Full-Time,On-Site,12/25/2019,5.5,CMO,660000,7.1,3.1,5.6,6.6,7.4,6,7.7,4.8,4.8,8.8,6.6,7.5,1,7.9,7.6,6.47,Meets Expectations,Brand Awareness,69,96,139.1,4,49,23.1,26.98,3.7,27,225.8,11.9,145.2,5.13,5306,52039,6.7,1,10,10,5.6,91.7,84.6,64,59,5,2,0,Hootsuite,Google Analytics,MS Teams,0,4.7,2.8,4.9,4.13,1,0,4,3,None,No,No,3.9,18.6,Leadership Role,10,2.4,4.7,Moderate,Low,Medium,No,4,3,-16,4.8,Medium,14.75,104,71.6,10,Moderate,Reviewed,Yes
MKT-2224,Payal Malhotra,23,Female,Ahmedabad,B.Sc (Statistics),Hootsuite Social Media,Digital Marketing,Digital Marketing Executive,Junior,Full-Time,On-Site,6/15/2024,1,Marketing Director,370000,5.3,4.2,7.5,3.4,6.3,2.2,3.6,3,4.4,6.2,5.9,1.5,3.8,5.1,6.5,4.88,Below Expectations,Brand Awareness,67,56,83.6,11,155,23.9,30.42,4.7,10,209.8,14.4,164,6,7078,15291,10.8,10,12,7,10,77.1,98.4,63,49,14,8,0,Salesforce,SEMrush,Google Meet,0,3.7,3.3,3.8,3.6,2,0,2,1,Digital Transformation,Yes,No,1,15.3,Leadership Role,9.4,2.8,2.4,Low,High,Medium,No,4,2,15,10,Medium,44.76,65,60,3.8,Moderate,Reviewed,Yes
MKT-2225,Hema Hegde,26,Female,Jaipur,MBA (Marketing),Meta Blueprint,Digital Marketing,Digital Marketing Executive,Junior,Part-Time,On-Site,9/9/2018,6.8,CMO,380000,3.4,3.4,5.2,8,8.6,5.5,5,7.6,5.9,6.6,8.1,3.6,5.6,6,7.5,5.99,Meets Expectations,Sales Conversion,88,118,134.1,15,83,22.4,6.43,3.7,5,170.3,45.7,129.1,24.84,7674,25058,7.8,12,16,6,6.2,97.7,59.7,51,50,1,1,0,Asana,Power BI,Slack,0,4,4.8,3.3,4.03,1,0,3,0,Project Management,Yes,No,6.6,24,International Exposure,8.4,2.9,2.9,Very High,High,Medium,No,2,1,3,5.1,High,53.41,61.9,99.4,4.1,Significant,Contributed,No
MKT-2226,Gaurav Verma,28,Male,Delhi,MA (Mass Communication),Google Ads,Sales Enablement,Sales Enablement Executive,Junior,Full-Time,Hybrid,12/21/2017,7.5,Head of Department,410000,5.8,7.5,6.1,4.1,7.6,7.4,1.4,2.2,4.9,9.6,6.1,3.9,6,9.5,8.1,6.32,Meets Expectations,Email Performance,73,71,97.3,3,123,18.1,48.36,4.1,5,132.4,30.3,269.9,0.66,1362,76206,9,20,20,1,7.4,93.4,85.9,34,32,2,1,5,SEMrush,Google Analytics,Google Meet,0,4,3,3.1,3.37,1,0,0,4,Project Management,No,No,5.1,5.2,Stay in Current Role,6.3,4.1,3.3,Moderate,Medium,Low,No,1,5,43,5.6,Medium,25.38,67.4,82,6.2,Significant,Not Involved,No
MKT-2227,Nisha Trivedi,22,Female,Bengaluru,B.Sc (Statistics),Meta Blueprint,Content & Creative,Graphic Designer,Junior,Contract,Hybrid,8/29/2020,4.8,Marketing Director,510000,5.1,6.9,4.1,7.1,9.6,5.6,5.8,6.5,3.3,7.1,4.1,5,7.3,5.9,5.7,6.16,Meets Expectations,Market Share Growth,70,85,121.4,8,34,15.2,48.52,4.8,64,69.5,22.7,337.9,32.93,1233,29400,9.1,32,10,9,8.6,50.5,56.8,33,17,16,12,9,Canva,SEMrush,MS Teams,0,4.6,4.8,3.9,4.43,2,0,5,7,Digital Transformation,No,No,3.5,13.9,Entrepreneurship,9.5,4.6,3.7,Low,High,Low,No,5,3,25,5.9,Medium,53.55,88.6,81.6,7.9,Significant,Executed,Yes
MKT-2228,Pallavi Bose,49,Female,Chennai,B.Com (Hons),SEMrush SEO,Public Relations,Senior PR Manager,Senior,Full-Time,On-Site,10/21/2020,4.7,CMO,780000,5.7,7.2,10,9.2,8.9,6.6,6.3,8.8,8.8,6.7,10,5.8,5.8,9.6,4.7,7.72,Exceeds Expectations,Lead Generation,74,83,112.2,4,59,6.6,4.73,4,3,75.7,27.2,238.4,31.36,1315,44622,10.6,11,6,9,8.2,90,81.4,18,16,2,2,0,HubSpot,Hootsuite,Zoom,4,2.8,4.9,3.8,3.83,4,11,0,6,None,No,Yes,2,14,Stay in Current Role,8.9,3,3.7,Moderate,High,Medium,Yes,4,4,4,8.3,Low,1.47,65.5,71,4.3,Minimal,Executed,Yes
MKT-2229,Dhruv Iyer,33,Male,Delhi,M.Com,Hootsuite Social Media,Market Research & Insights,Data Analyst,Junior,Full-Time,On-Site,2/11/2024,1.4,CMO,520000,5,6.5,6.1,6.2,8.6,7.1,9.4,3.9,5.3,6.1,1.2,4.7,6.7,4.4,7.4,6.34,Meets Expectations,Content Engagement,71,92,129.6,0,96,9.3,37.35,3.1,9,278.4,26,191.5,5.8,3652,7163,8.8,17,18,8,10,86.5,99.6,84,73,11,7,0,Jira,Meta Ads Manager,Google Meet,0,4.8,2.8,3.7,3.77,2,0,2,4,None,No,No,1.4,12.8,Leadership Role,5,2.6,2.9,Moderate,Medium,Medium,No,1,5,42,6.8,High,16.28,71.7,76.9,1.8,Significant,Not Involved,Yes
MKT-2230,Siddharth Iyer,36,Male,Kolkata,MA (Mass Communication),Content Marketing Institute,Content & Creative,Graphic Designer,Junior,Contract,On-Site,11/29/2018,6.6,Head of Department,450000,8.9,9.9,4.4,2.9,5.3,6.7,5.8,6.2,6,7,5.7,7.4,6.2,5.4,5,6.74,Meets Expectations,Digital Reach,77,99,128.6,2,41,10.4,14.33,4.6,50,25.1,46.1,312.1,38.46,4114,64564,7,12,8,8,6.8,63.5,69.6,60,38,22,10,0,Adobe Creative Suite,Jira,MS Teams,0,3.3,3.1,4.3,3.57,1,0,6,0,AI in Marketing,No,No,1.8,22.2,Domain Expert,4.8,4,1.6,Moderate,Low,Medium,Yes,0,6,-22,4.8,High,22.38,60.8,81.5,5,Minimal,Contributed,No
MKT-2231,Ankit Rajan,25,Male,Surat,MBA (Marketing),Salesforce CRM,Brand & Communications,Brand Executive,Junior,Contract,Remote,11/21/2021,3.6,Senior Marketing Manager,300000,8.1,5.4,5.5,6.9,6.6,9.3,5.5,9.5,6.1,8.2,3.6,8.9,3.9,7,6.9,7.05,Exceeds Expectations,Brand Awareness,98,110,112.2,13,41,10.8,51.02,3.3,3,151.3,34.8,203.9,10.85,6374,10943,7.8,19,0,3,8,84.5,89.8,89,75,14,13,19,Mailchimp,Asana,Google Meet,0,3.5,4.5,4,4,3,0,2,1,Effective Communication,No,No,1.8,15.4,Leadership Role,4.4,4.3,1.5,Moderate,Medium,Medium,No,3,1,0,3.2,Low,17.67,107.2,83.9,5.1,Moderate,Contributed,Yes
MKT-2232,Yuvraj Bhat,51,Male,Mumbai,BBA,None,Performance Marketing,Performance Marketer,Mid-Level,Full-Time,On-Site,8/27/2019,5.8,VP Marketing,560000,7.6,8.2,8.2,4.7,3.6,8,7.9,9,6.8,6.6,4.6,5.4,4.8,5.5,5.2,6.87,Meets Expectations,Sales Conversion,66,69,104.5,20,360,4.8,0.8,4,10,237.7,22.2,234.1,49.96,7449,49272,9.8,18,2,4,6.3,76.1,61.4,55,42,13,3,0,Hootsuite,Mailchimp,Slack,0,3.5,3.7,3.5,3.57,4,0,0,0,AI in Marketing,No,No,1.4,22.7,Leadership Role,5.3,4.4,2.7,High,High,Medium,No,4,2,-16,5.3,High,53.79,66.1,68.7,9.7,Minimal,Contributed,Yes
MKT-2233,Arun Patil,41,Male,Mumbai,MBA (Finance),Salesforce CRM,Performance Marketing,Campaign Analyst,Junior,Full-Time,On-Site,5/27/2020,5.1,VP Marketing,530000,5.4,5.7,2.7,6.9,6,4.1,5.8,8.4,4.8,7.1,2.2,4.5,5.3,5.9,3.7,5.4,Below Expectations,Lead Generation,93,102,109.7,13,364,18.4,27.25,4.9,13,177.6,9.8,323.3,40.65,1667,9632,9.1,1,6,10,7.3,51.3,81.7,16,8,8,0,0,Tableau,Google Analytics,Google Meet,0,4.5,4.9,4.2,4.53,1,0,7,6,Advanced Excel,Yes,No,2.9,16.6,International Exposure,4.3,2.2,4.7,High,Medium,High,Yes,4,6,-28,5.7,Medium,8.45,96.8,93.7,1.8,Significant,Executed,No
MKT-2234,Indira Menon,41,Female,Chennai,MBA (Marketing),None,Public Relations,PR Executive,Junior,Part-Time,Remote,12/2/2021,3.6,Senior Marketing Manager,330000,5.2,5.4,6.1,6,5.6,7.2,8.1,3.5,4.1,3.6,7,5.3,6.2,7.3,4.8,5.88,Meets Expectations,Market Share Growth,96,74,77.1,7,61,18.9,15.8,2.9,17,191,30.9,288.4,15.96,3756,31340,7.6,31,3,3,7.2,63,82.7,68,43,25,1,16,Google Analytics,Google Ads,MS Teams,0,3,3.2,4.5,3.57,1,0,1,5,AI in Marketing,No,No,2.8,12.8,Stay in Current Role,3.9,3.8,1.8,High,High,Medium,No,1,2,76,3.2,High,14.47,103.7,90.3,1.7,Moderate,Executed,Yes
MKT-2235,Prateek Shukla,38,Male,Mumbai,MA (Mass Communication),Google Ads,Digital Marketing,SEO Analyst,Junior,Full-Time,Hybrid,10/26/2022,2.7,Head of Department,460000,7.4,4.7,8.4,5.7,3.9,6.1,4.8,4.9,2.3,7.9,7.9,6.4,5.5,7.2,6.1,6.18,Meets Expectations,Campaign ROI,84,57,67.9,4,321,5.9,54.4,2.8,7,102.7,21.2,232.8,15.37,1820,68284,9.1,19,0,7,3.7,86.2,83.8,79,68,11,2,20,Asana,Adobe Creative Suite,MS Teams,0,2.9,3.3,4.1,3.43,2,0,7,2,Negotiation & Persuasion,No,No,2.6,19.3,Leadership Role,3.9,3.3,3.2,Moderate,Medium,Medium,No,2,6,-11,7.9,Medium,24.75,65.1,95,4.3,Significant,Not Involved,No
MKT-2236,Waqar Menon,46,Male,Lucknow,MBA (Marketing),SEMrush SEO,Sales Enablement,Sales Enablement Executive,Junior,Full-Time,Remote,11/5/2019,5.7,Senior Marketing Manager,360000,6.1,7.7,7.1,6.9,5.2,5.3,7,4.7,3.7,6.2,5.9,5.1,6.5,3.4,9.3,6.47,Meets Expectations,Content Engagement,75,91,121.3,0,104,8.4,23.59,3,5,71.8,16.8,276,9.94,5902,46552,10.8,25,5,5,7.5,77.2,93.3,71,55,16,9,8,Jira,Power BI,Google Meet,0,3.3,4.2,3.3,3.6,2,0,1,6,Data Analytics for Marketers,No,No,3.1,6.7,Stay in Current Role,6,4.3,3.5,High,High,Low,No,5,5,37,7.5,Medium,8.93,73.6,79.5,2.6,Moderate,Not Involved,Yes
MKT-2237,Aditi Malhotra,39,Female,Kolkata,M.Com,PMP,Brand & Communications,Brand Strategist,Junior,Part-Time,Hybrid,10/9/2021,3.7,VP Marketing,430000,5.1,6.2,5.1,6.9,7.7,5.9,4.9,6.7,8.3,5.9,7.5,4.2,4.7,8,6.9,6.43,Meets Expectations,Digital Reach,100,79,79,4,71,18.3,0.46,3.7,41,37.8,40.8,242.4,45.74,1362,6604,7.2,14,19,0,6,84.3,58.9,69,58,11,6,2,Canva,Meta Ads Manager,Zoom,0,4.1,4.1,3.8,4,1,0,0,4,Effective Communication,No,No,1.4,19.3,Leadership Role,7.3,4.6,2.7,High,Low,Low,No,3,2,-7,4.2,High,52.88,88.7,70.1,6.5,Minimal,Not Involved,Yes
MKT-2238,Neel Shukla,29,Male,Jaipur,B.Tech,Hootsuite Social Media,Content & Creative,Content Writer,Junior,Part-Time,Hybrid,2/24/2023,2.3,CMO,350000,8.1,7.3,5.2,6.3,3.6,2.5,4.5,5.4,4.3,8.4,5.8,4.2,6.9,8.7,5.6,6.07,Meets Expectations,Sales Conversion,65,49,75.4,0,94,17.8,16.96,3.7,11,35.3,24,326.7,7.96,5650,5910,10.8,9,12,2,1.7,58.3,55.5,88,51,37,35,2,Tableau,SEMrush,MS Teams,0,3.4,3,3.7,3.37,1,0,3,6,Leadership Skills,Yes,No,2.2,20.4,International Exposure,5.2,2.7,2.8,Very High,High,Medium,No,5,2,55,6.3,Medium,35.94,89.9,78.1,4,Moderate,Executed,No
MKT-2239,Arun Dubey,30,Male,Surat,BBA,PMP,Sales Enablement,Director Sales Enablement,Leadership,Full-Time,On-Site,1/10/2022,3.5,CMO,1160000,7.4,10,7.1,10,6.3,7,9.6,5.3,8.1,9.8,10,8.5,7.9,7.2,4.4,8.38,Exceeds Expectations,Brand Awareness,70,104,148.6,5,61,8.6,29.87,4.1,7,89.4,39.9,98,30.31,2595,71821,9.8,12,2,7,4.3,70,97.6,33,23,10,3,0,Google Ads,MS Excel,Slack,7,3.7,2.9,4.8,3.8,3,2,0,1,Advanced Excel,No,Yes,1.2,7.6,Domain Expert,6,4.4,2.3,Low,High,Low,No,3,6,43,9,Medium,19.25,94.5,52.4,7.2,Minimal,Reviewed,No
MKT-2240,Nikhil Reddy,41,Male,Jaipur,M.Com,HubSpot Marketing,Market Research & Insights,Data Analyst,Junior,Full-Time,Hybrid,6/26/2018,7,Head of Department,560000,6.6,7.5,7.3,6.5,7.5,5.9,3.5,8.7,10,5.5,8.6,5.6,5.1,6.3,6.3,6.98,Meets Expectations,Market Share Growth,75,112,149.3,1,16,23.3,18.85,3,7,61.5,47.4,263.4,20.5,4069,77014,9.8,10,19,5,10,89.4,94.2,79,71,8,5,2,MS Excel,Google Ads,Zoom,0,3.5,3.4,3.6,3.5,2,0,2,2,Social Media Strategy,No,No,1.4,5.9,Cross-Functional Move,9.7,3.3,3.2,High,High,Medium,Yes,2,3,51,5.4,Medium,40.22,98,56.1,4.2,Minimal,Reviewed,Yes
MKT-2241,Isha Mehta,27,Female,Hyderabad,B.Tech,Google Analytics,Market Research & Insights,Head of Research,Leadership,Full-Time,Hybrid,7/1/2015,10,VP Marketing,1720000,10,9.9,10,7.4,7.9,7.7,7.6,8.6,7,9.8,9.1,9.2,7,8.1,8.1,9,Outstanding,Market Share Growth,92,110,119.6,8,94,3.7,49.64,4.9,16,168,31.8,198.9,7.09,4858,74508,10.4,35,10,2,7.6,55.3,71.3,24,13,11,11,21,Mailchimp,Tableau,Slack,6,3.6,2.7,3.7,3.33,0,2,2,4,AI in Marketing,No,Yes,0.5,4.1,Domain Expert,7.1,4.3,2.5,Moderate,High,Low,No,3,4,38,6.7,Low,51.03,106.3,80.2,9.6,Significant,Contributed,No
MKT-2242,Veer Reddy,43,Male,Mumbai,B.Tech,HubSpot Marketing,Customer Engagement & CRM,CRM Analyst,Mid-Level,Part-Time,Remote,6/13/2017,8,Head of Department,790000,6.4,7.8,6.8,6.8,6.5,5.1,8.3,6.3,6.1,3.6,5,6.9,10,5.5,5.9,6.69,Meets Expectations,Market Share Growth,94,80,85.1,1,66,20.8,11.19,4.7,6,82.5,18.1,234,15.13,7186,54690,9.8,2,9,3,8.1,95.6,71.9,31,30,1,0,2,Mailchimp,Adobe Creative Suite,MS Teams,0,4.3,4.5,4.7,4.5,1,0,3,4,Project Management,Yes,No,3.1,11.7,International Exposure,10,3.4,3.6,Moderate,High,Medium,No,5,4,20,4.5,Medium,39.36,82.3,69.4,7.7,Moderate,Not Involved,Yes
MKT-2243,Vrinda Shah,27,Female,Nagpur,MA (Mass Communication),Google Ads,Digital Marketing,SEO Analyst,Junior,Full-Time,Remote,1/20/2019,6.4,Marketing Director,550000,5.6,5,9.8,10,3.7,7.8,4.6,3.8,9.2,6,8.6,7,5.4,4.2,8.8,6.96,Meets Expectations,Market Share Growth,84,71,84.5,3,232,10.4,43.89,5,6,66.6,36.7,126.9,1.78,4313,28344,7,31,4,8,8.1,73.4,65.3,63,46,17,16,7,SEMrush,Meta Ads Manager,MS Teams,0,3.9,4.4,4,4.1,0,0,7,0,AI in Marketing,Yes,No,5.5,6,Leadership Role,5.8,2.4,3.7,Low,High,Medium,No,0,3,12,3.2,High,4.09,92.1,52.7,8.4,Moderate,Reviewed,No
MKT-2244,Nisha Khanna,25,Female,Mumbai,M.Com,Hootsuite Social Media,Content & Creative,Graphic Designer,Junior,Part-Time,Hybrid,2/5/2022,3.4,Senior Marketing Manager,390000,7.5,7.5,8.1,7.8,5,8.8,4.7,6,6.3,6.2,5.3,6.5,4.2,6.7,5.6,6.85,Meets Expectations,Lead Generation,83,88,106,4,66,19.5,16.18,4.5,48,102,20,196.7,7.13,6571,32711,10.1,33,2,5,6.6,77.6,55.2,90,70,20,19,16,Google Analytics,Adobe Creative Suite,Google Meet,0,3.5,2.8,4.5,3.6,4,0,7,2,Effective Communication,No,No,2.7,7,Entrepreneurship,1.9,2.8,2.7,Low,High,High,No,2,6,22,9.4,High,42.32,77.2,85.5,5.3,Significant,Reviewed,No
MKT-2245,Priya Menon,21,Female,Chennai,M.Com,Hootsuite Social Media,Sales Enablement,Sales Enablement Executive,Junior,Full-Time,Hybrid,6/5/2018,7.1,Marketing Director,290000,6.7,8.8,4.9,3.8,6.9,6.3,6.7,8.6,7.9,6.1,5.3,8.6,5.6,5.5,4.2,6.72,Meets Expectations,Campaign ROI,73,104,142.5,2,370,9.9,46.07,3.2,4,92,34,104.3,27.39,6178,78208,7.3,4,6,8,5.1,77.4,57,17,13,4,0,1,Power BI,Hootsuite,Slack,0,3.5,2.8,4.6,3.63,3,0,6,0,Project Management,No,No,3.3,17.9,International Exposure,1.3,3.6,3.6,High,Low,Medium,No,2,1,-3,1.6,Medium,27.39,60.7,69.9,6.7,Moderate,Not Involved,Yes
MKT-2246,Kavya Varma,22,Female,Surat,B.Com (Hons),LinkedIn Marketing,Content & Creative,Content Writer,Junior,Full-Time,Hybrid,5/23/2022,3.1,CMO,350000,5.8,9.4,7.1,4.3,8.8,7.3,4,7.5,6.3,5.5,7.7,5.4,4.5,3.6,6.5,6.7,Meets Expectations,Email Performance,72,67,93.1,4,43,17.5,26.46,3.3,41,265.9,8.4,301.4,26.09,749,79831,10.3,12,14,10,7.8,66.7,98.7,16,11,5,1,6,Google Ads,Canva,Zoom,0,4.9,3.5,4.2,4.2,3,0,6,4,Design Thinking,Yes,No,2.7,5,Entrepreneurship,7.7,4.9,4.8,Moderate,High,Low,Yes,0,3,-3,7.6,Low,53.41,68,72.4,6.5,Significant,Executed,Yes
MKT-2247,Ritika Reddy,44,Female,Chennai,M.Com,Google Analytics,Sales Enablement,Sales Enablement Executive,Junior,Contract,Remote,5/10/2022,3.1,CMO,280000,7.4,4.8,5.2,8.8,7.3,6.6,3.3,4.1,5.8,6.5,6.5,2.1,4.1,10,6.9,6.23,Meets Expectations,Brand Awareness,67,55,82.1,6,499,16.7,4.16,3.2,16,13.4,31.3,240.5,47.08,5195,16743,9.1,16,7,7,8,97.8,60.3,38,37,1,1,20,Asana,SEMrush,Zoom,0,4.7,3.1,3.4,3.73,0,0,7,1,Digital Transformation,Yes,No,2.6,17.4,International Exposure,1.4,2.9,2,Low,Medium,High,No,0,2,54,5.7,Medium,34.54,106.7,69.8,4.5,Moderate,Contributed,Yes
MKT-2248,Piyush Hegde,22,Male,Mumbai,MA (Mass Communication),AWS Cloud Practitioner,Content & Creative,Graphic Designer,Junior,Full-Time,On-Site,6/13/2019,6.1,VP Marketing,530000,5.8,5.9,8.3,6.4,4.6,5.5,6.1,6.8,3.4,1.4,7.7,5.8,5.1,6.7,6,5.82,Meets Expectations,Lead Generation,67,52,77.6,2,59,14.6,43.4,3.7,68,292.2,38.9,260.5,59.15,5595,52840,6.8,19,11,4,6.7,67.1,71.8,44,30,14,10,0,SEMrush,Mailchimp,MS Teams,0,3.9,2.6,3.5,3.33,4,0,1,1,Digital Transformation,Yes,No,3.2,10.9,Entrepreneurship,6.6,3.3,4.8,Moderate,Medium,Medium,No,1,3,60,8.4,Low,45.52,82.4,93.5,2,Minimal,Reviewed,Yes
MKT-2249,Preeti Sen,24,Female,Bengaluru,B.Sc (Statistics),Google Ads,Digital Marketing,SEO Analyst,Junior,Part-Time,On-Site,5/5/2015,10.2,CMO,400000,6.2,5,3.1,7.2,8.6,9.2,6.5,5.4,7.6,7.7,7.8,6.9,7.6,5.3,10,7.21,Exceeds Expectations,Lead Generation,78,76,97.4,11,212,23.9,27.83,3.3,5,122.3,36.4,273.4,32.87,3906,35879,9,19,1,8,8.6,94.8,65.2,53,50,3,3,0,Tableau,Mailchimp,Zoom,0,4.5,4.6,4.4,4.5,0,0,2,0,Digital Transformation,No,No,5.7,22.4,Cross-Functional Move,5.6,4.8,2.1,Moderate,Medium,Low,No,0,6,68,5.7,Low,26.47,78.8,97.4,6.6,Minimal,Not Involved,No
MKT-2250,Sonali Nanda,25,Female,Delhi,MBA (Marketing),SEMrush SEO,Brand & Communications,Brand Executive,Junior,Part-Time,Hybrid,1/2/2020,5.5,Senior Marketing Manager,340000,5.7,6.5,2.8,6.7,7.3,5.2,7.1,7.6,6.3,6.5,6.1,9.3,6,7.9,9.1,6.77,Meets Expectations,Campaign ROI,74,100,135.1,6,21,9.7,4.4,3.3,58,140,29.4,288.4,14.56,1775,51174,9.4,18,0,5,9.6,52.8,63.7,38,20,18,2,8,Asana,Tableau,Zoom,0,2.6,2.6,4.7,3.3,4,0,2,1,Data Analytics for Marketers,No,No,1.6,14.4,Leadership Role,6.6,3.3,2.4,Very High,High,Medium,No,4,4,78,5.4,Low,2.9,63.6,72.4,4.5,Minimal,Executed,Yes
MKT-2251,Mira Nair,45,Female,Delhi,MBA (Finance),Google Ads,Market Research & Insights,Data Analyst,Junior,Full-Time,Hybrid,11/15/2019,5.6,Senior Marketing Manager,440000,4.2,7.4,3.8,5.9,6,8.1,9,5.8,9.8,9.6,7.2,8.6,7.1,6.7,1.9,6.95,Meets Expectations,Digital Reach,70,108,154.3,3,88,11.1,2.12,3.5,14,154.2,22.2,199.7,12.39,1855,71981,8.7,34,13,8,7.4,53,98.9,27,14,13,5,0,Meta Ads Manager,Hootsuite,MS Teams,0,4.2,3.5,3.2,3.63,1,0,4,7,Social Media Strategy,Yes,No,4,12.2,Stay in Current Role,4.9,4.4,3.5,Moderate,High,Medium,No,5,2,14,6,High,28.58,107.2,95.5,6.6,Significant,Executed,Yes
MKT-2252,Esha Choudhary,23,Female,Hyderabad,B.Sc (Statistics),Hootsuite Social Media,Digital Marketing,Head of Digital,Leadership,Full-Time,Remote,1/22/2023,2.4,Senior Marketing Manager,1860000,7.4,9.9,6.9,7.1,6,7.6,8.6,7,9.6,9,9.1,7.4,8.7,6.2,6.7,8.26,Exceeds Expectations,Customer Retention,90,125,138.9,18,434,9.4,16.65,2.8,2,69,33.6,258.4,44.18,2008,29824,9,4,14,6,8.3,64.9,76.9,43,28,15,0,2,Adobe Creative Suite,Google Ads,MS Teams,15,2.9,3.1,4.8,3.6,2,2,3,4,Digital Transformation,Yes,Yes,1.1,18.9,International Exposure,9.5,4.1,3.4,Moderate,Medium,Low,No,3,1,49,6.5,High,35.41,67.1,56.9,6.4,Moderate,Executed,No
MKT-2253,Nisha Mukherjee,27,Female,Lucknow,MBA (Finance),None,Brand & Communications,Brand Executive,Junior,Full-Time,Remote,1/23/2021,4.4,VP Marketing,440000,2.7,4.2,4.6,4.8,5.8,8.9,6.9,6.2,6.1,2.1,4.1,4.2,4,3.2,6.7,5.14,Below Expectations,Content Engagement,97,103,106.2,2,27,3.3,1.86,3.3,21,297.2,33.3,267.7,2.97,5599,32210,6.9,11,20,5,7.8,59.6,97.4,80,48,32,30,5,MS Excel,Meta Ads Manager,Slack,0,4.9,2.9,4.5,4.1,4,0,7,3,Advanced Excel,No,No,4.1,18.4,Domain Expert,5.5,3.3,4.1,Low,Low,Medium,No,1,1,-4,6.5,Medium,15.23,80,58.2,7.1,Minimal,Contributed,Yes
MKT-2254,Avni Khanna,40,Female,Lucknow,M.Com,Meta Blueprint,Digital Marketing,Head of Digital,Leadership,Full-Time,Remote,10/10/2024,0.7,Head of Department,1520000,7.5,6.2,7.7,9.7,7.9,6.6,8.3,6.1,9.1,5.2,7.9,9.3,7.8,8.9,7.1,7.86,Exceeds Expectations,Content Engagement,85,77,90.6,11,54,23.5,9.41,4.8,10,177.2,11.1,156.2,2.19,4098,39532,10,31,15,2,4.4,85,96.8,65,55,10,4,20,Google Analytics,Tableau,Google Meet,5,4.1,4.3,4,4.13,4,5,4,1,Effective Communication,Yes,No,0.5,19.5,Domain Expert,8.8,4.8,2.4,Very High,High,Low,Yes,3,6,-11,9.7,Medium,54.83,95.2,95.1,7.8,Moderate,Reviewed,No
MKT-2255,Harish Kumar,41,Male,Delhi,BBA,Content Marketing Institute,Public Relations,Head of PR,Leadership,Part-Time,Remote,3/18/2021,4.3,VP Marketing,1930000,4.1,6.7,9.9,9.1,10,5,9.1,8.9,6,6.9,9.1,4.4,10,8.2,6.7,7.6,Exceeds Expectations,Lead Generation,65,95,146.2,3,79,16.1,47.84,3.5,68,9.1,28.2,140.5,42.63,6016,50148,6.9,5,6,10,9.1,83.9,79.4,58,49,9,3,8,Hootsuite,Mailchimp,Google Meet,4,2.6,4.3,4.3,3.73,3,4,4,5,Social Media Strategy,No,Yes,2.6,6.7,Domain Expert,8,3.8,2.8,Moderate,Low,Low,Yes,2,4,30,5.4,High,24.22,77.6,56.1,7.7,Significant,Executed,No
MKT-2256,Tara Menon,39,Female,Kolkata,B.Tech,Salesforce CRM,Content & Creative,Graphic Designer,Junior,Full-Time,Remote,4/14/2017,8.2,Marketing Director,490000,8.1,6.9,6.5,5,9.4,9.3,9.1,8.1,6.3,7.6,7.8,8.2,6.9,5.9,6.1,7.8,Exceeds Expectations,Brand Awareness,78,103,132.1,3,91,17.7,30.88,3,60,164.9,12.2,155.9,6.59,4894,5367,9.9,5,10,6,9.5,86.3,57.7,23,20,3,2,4,Hootsuite,Adobe Creative Suite,MS Teams,0,3.7,3.5,3.5,3.57,2,0,3,7,Design Thinking,No,Yes,7.4,5.2,International Exposure,8,4.5,3.5,Very High,High,Low,No,1,4,34,3,Medium,14.14,68.6,60.5,7,Minimal,Contributed,Yes
MKT-2257,Arun Chauhan,28,Male,Mumbai,MBA (Marketing),Content Marketing Institute,Brand & Communications,Communications Manager,Mid-Level,Full-Time,On-Site,12/24/2021,3.5,Marketing Director,680000,5.9,7,5.7,7,6,7.7,3.7,8.7,3.6,9.8,6.9,6.6,3.9,6.6,5.9,6.59,Meets Expectations,Campaign ROI,92,91,98.9,14,48,9.4,30.16,3.7,36,224.9,21.2,241.9,43.73,1744,20657,8.9,12,6,5,5.7,86.2,89.1,14,12,2,1,0,Salesforce,Mailchimp,Zoom,0,2.6,4.3,4.9,3.93,1,0,5,3,Advanced Excel,Yes,No,0.8,12.1,Cross-Functional Move,6.6,3.6,3.9,Moderate,Medium,Medium,No,0,3,9,7,Medium,8.47,62.4,55.1,6.5,Moderate,Reviewed,Yes
MKT-2258,Lavanya Trivedi,44,Female,Bengaluru,PGDM (Marketing),HubSpot Marketing,Market Research & Insights,Insights Manager,Mid-Level,Full-Time,Remote,10/5/2017,7.7,VP Marketing,680000,5.7,7,6.8,9.1,7.2,8.7,5.8,7.6,5.8,5.9,7,7.5,8.1,4.9,6.4,7.13,Exceeds Expectations,Email Performance,88,65,73.9,2,1,6.7,15.46,5,0,219.5,35.2,158.7,52.87,5681,36178,7.2,21,13,6,7.8,96.5,78.1,22,21,1,0,12,Asana,Power BI,Google Meet,0,2.7,3.5,3.1,3.1,3,0,2,6,Data Analytics for Marketers,No,No,1.2,24.5,International Exposure,5.2,3.7,2.8,High,Medium,Medium,Yes,0,4,48,6.7,High,12.05,62.4,87,8.2,Minimal,Executed,Yes
MKT-2259,Pari Verma,50,Female,Chennai,MA (Mass Communication),Meta Blueprint,Digital Marketing,Head of Digital,Leadership,Full-Time,Remote,9/20/2023,1.8,CMO,1230000,9.1,5.7,6.8,7.3,9.8,7.9,8.2,8.8,8.6,7.1,7.7,9.9,8.7,8.6,6.5,8.22,Exceeds Expectations,Sales Conversion,74,50,67.6,18,95,6.9,13.74,3.4,4,10,8.1,265.1,58.14,2452,55384,8.2,13,20,0,8,89.6,94.3,79,71,8,3,8,Salesforce,Canva,Zoom,6,2.7,2.7,4.3,3.23,2,9,5,0,None,No,Yes,1.6,22.7,Cross-Functional Move,8.9,4.2,2.2,Low,Low,Low,No,1,4,-10,6.4,Medium,44.17,78.3,54.9,8.4,Minimal,Contributed,Yes
MKT-2260,Sonali Kapoor,45,Female,Nagpur,BA (Journalism),Salesforce CRM,Market Research & Insights,Senior Research Analyst,Senior,Full-Time,Remote,5/6/2018,7.2,CMO,800000,8.1,6.4,5.6,7.3,9.4,8.8,7.5,5.8,8.3,8.5,10,7.2,6.3,7.1,7.1,7.96,Exceeds Expectations,Lead Generation,73,56,76.7,6,85,11.7,13.8,3,2,76.7,40.3,207.3,59.34,7066,60371,7.9,19,17,5,2.9,99.3,75.6,56,56,0,0,3,Canva,Google Analytics,Slack,5,4.6,3.5,4.5,4.2,3,8,4,1,Advanced Excel,No,Yes,7,23.3,Entrepreneurship,7,4.8,4.9,Moderate,Medium,Low,Yes,4,5,71,10,Low,0.6,90.5,65.9,3.7,Minimal,Executed,Yes
MKT-2261,Pranav Reddy,46,Male,Nagpur,M.Com,Google Analytics,Sales Enablement,Sales Analyst,Junior,Part-Time,Hybrid,7/17/2018,7,VP Marketing,450000,7.9,7.6,7,8.9,4.5,2.4,7.8,6.3,5.1,9.5,6.5,6.1,7.6,4.8,5.8,6.95,Meets Expectations,Lead Generation,92,130,141.3,3,435,7.9,10.05,4,14,6.5,20.6,263.4,14.12,473,59101,8.9,25,8,2,8.3,79.9,73.6,82,66,16,6,14,Tableau,Google Ads,Google Meet,0,3.3,4.6,4.5,4.13,0,0,6,0,Leadership Skills,Yes,No,6.6,16,Stay in Current Role,9,2.4,2.2,Low,High,Medium,No,5,6,2,4.7,Medium,51.88,70.2,73.9,6.6,Minimal,Contributed,Yes
MKT-2262,Kunal Sen,46,Male,Ahmedabad,B.Tech,AWS Cloud Practitioner,Sales Enablement,Sales Enablement Specialist,Mid-Level,Part-Time,On-Site,9/11/2020,4.8,CMO,690000,6.8,8,7.5,6.9,6.7,4.8,8,8.2,5.8,7.5,7,4.1,10,1,8.9,7.21,Exceeds Expectations,Digital Reach,66,71,107.6,8,69,10.6,39.05,3.3,3,117.4,18.9,202.7,2.37,7995,12182,6.9,32,8,3,6.1,87.4,85.3,19,17,2,2,0,Adobe Creative Suite,MS Excel,Slack,0,2.5,4,4,3.5,3,0,6,1,Project Management,No,No,3.8,22.2,Domain Expert,5.1,2.3,3.2,High,High,Medium,No,0,1,66,6.5,Low,52.53,69.4,67,3.7,Moderate,Contributed,Yes
MKT-2263,Nikhil Dubey,46,Male,Mumbai,B.Com (Hons),AWS Cloud Practitioner,Public Relations,Head of PR,Leadership,Contract,Remote,1/26/2017,8.4,Head of Department,1690000,7,8.9,5.4,4.6,9.3,5.6,5.5,7.1,7.5,8.1,5.3,3.8,5.1,9.5,9.1,7.15,Exceeds Expectations,Campaign ROI,66,64,97,1,93,6.7,16.8,3.4,67,179.3,43.4,227.1,50.49,2442,41751,10.5,6,6,7,10,63.8,94.6,28,18,10,9,1,Jira,SEMrush,MS Teams,7,3.6,3,4.7,3.77,0,3,1,0,None,No,No,6,4.3,Entrepreneurship,10,3.9,3.5,High,High,Low,Yes,4,1,-22,10,Low,3.91,84.4,93.6,7.9,Minimal,Executed,No
MKT-2264,Meera Kapoor,25,Female,Kolkata,PGDM (Marketing),Meta Blueprint,Sales Enablement,Sales Enablement Manager,Senior,Full-Time,Hybrid,1/20/2019,6.4,Head of Department,800000,6.7,7.7,6.2,9.7,4.3,7,4.9,5.9,7.6,5.9,7.5,7.8,10,9.7,7,7.28,Exceeds Expectations,Customer Retention,70,46,65.7,6,59,16.4,45.89,4.4,4,244.3,14,125.8,46.83,1163,51887,8.3,17,17,0,7,63.7,61,47,30,17,14,15,Jira,Salesforce,Slack,1,3.7,4.2,4.2,4.03,4,3,1,4,Leadership Skills,Yes,No,6.2,11,Stay in Current Role,7.8,3,1.9,High,Medium,Medium,Yes,4,6,-8,7.8,Medium,9.06,64.6,99.1,6.7,Significant,Not Involved,Yes
MKT-2265,Ritika Mehta,23,Female,Lucknow,B.Tech,PMP,Public Relations,PR Executive,Junior,Full-Time,Hybrid,6/12/2022,3.1,Marketing Director,440000,7.3,3.9,6,6.8,9.3,6.5,3.8,5.1,5.3,3.2,5.1,7.4,6.6,5,7.4,6.12,Meets Expectations,Content Engagement,77,91,118.2,6,29,8.3,28.02,3.5,64,214.9,32.6,241.1,29.17,4237,8507,10.8,9,14,6,4.9,56.7,79.4,13,7,6,2,2,Salesforce,MS Excel,Slack,0,4.1,4.3,4.9,4.43,2,0,6,2,Design Thinking,No,No,0.7,16.7,International Exposure,3.7,3.9,4.7,Moderate,High,Medium,No,5,3,-10,9.3,Medium,42.88,81.8,73.6,9.7,Minimal,Reviewed,No
MKT-2266,Bhavna Reddy,48,Female,Lucknow,B.Com (Hons),LinkedIn Marketing,Brand & Communications,Communications Manager,Mid-Level,Full-Time,On-Site,5/31/2019,6.1,Head of Department,750000,6.6,6.5,4.6,9,6,7.7,8.6,7.9,6.7,7.7,6.3,4.4,8.1,7.8,7.2,7.24,Exceeds Expectations,Lead Generation,89,125,140.4,3,94,9,39.09,3.5,55,50,14.7,158.5,24.53,1522,5561,10.6,35,11,0,6.7,69.8,86.7,17,12,5,5,0,SEMrush,Power BI,MS Teams,0,2.7,4.7,3.8,3.73,0,0,6,5,Leadership Skills,Yes,No,1.3,18,International Exposure,4.7,3.4,2.1,High,High,Medium,No,1,0,-12,9.7,Medium,12.82,81.5,84,6.2,Significant,Contributed,No
MKT-2267,Dhruv Mehta,52,Male,Lucknow,B.Com (Hons),Salesforce CRM,Customer Engagement & CRM,CRM Manager,Senior,Full-Time,Hybrid,1/25/2022,3.4,Senior Marketing Manager,790000,7.2,8.6,10,7.4,5.5,9.1,7,9.1,9.9,6.8,8.8,6.7,5.5,6.8,7.7,8.13,Exceeds Expectations,Campaign ROI,80,55,68.8,5,33,4.1,34.67,4.9,2,134.3,18.2,305.9,59.84,883,65242,10.3,18,13,2,4.5,59.8,68.6,12,7,5,2,11,HubSpot,Jira,MS Teams,10,2.5,4.6,3.2,3.43,0,5,7,6,Effective Communication,No,Yes,1.7,12.4,Leadership Role,10,4.5,2.2,Moderate,High,Low,No,3,0,-3,5.5,Low,45.65,62.2,90.7,4.1,Moderate,Not Involved,Yes
MKT-2268,Mira Kapoor,48,Female,Surat,M.Com,LinkedIn Marketing,Sales Enablement,Sales Analyst,Junior,Full-Time,Remote,11/20/2017,7.6,Head of Department,440000,2.9,2.5,7.8,6.4,7.7,4.9,6.8,4.9,7.4,10,10,5.5,8,7,4.3,6.31,Meets Expectations,Lead Generation,80,67,83.8,1,185,8.6,36.79,3,15,217.7,40.7,215.3,19.99,7455,72519,10.4,20,5,6,8.6,64.8,89.6,34,22,12,11,12,Canva,Salesforce,MS Teams,0,4.9,2.5,3.8,3.73,0,0,2,1,None,Yes,No,5.6,4.4,Leadership Role,8.5,4.4,2.5,Moderate,High,Low,Yes,5,6,-10,7.5,Medium,48.66,85.3,99.2,7.9,Minimal,Not Involved,Yes
MKT-2269,Varun Iyer,46,Male,Ahmedabad,B.Tech,LinkedIn Marketing,Customer Engagement & CRM,CRM Manager,Senior,Part-Time,On-Site,3/22/2021,4.3,Marketing Director,810000,6.4,7.8,10,9.2,7.6,5.6,6.6,4.3,5.9,10,9.7,8.1,4.8,8.8,7.2,7.81,Exceeds Expectations,Digital Reach,90,71,78.9,0,39,12.5,25.15,4.9,8,244.5,11.3,78.4,51.9,3283,51183,8.5,4,2,6,3.7,65.5,58,24,16,8,4,0,Hootsuite,Mailchimp,Google Meet,6,2.7,2.8,4.9,3.47,1,3,2,2,Project Management,Yes,Yes,1.2,9.5,Domain Expert,8.4,2.8,2.3,Very High,High,Medium,Yes,3,4,-10,8.7,Medium,3.82,73.7,87.1,7.2,Moderate,Executed,Yes
MKT-2270,Rohan Sethi,32,Male,Nagpur,M.Com,PMP,Digital Marketing,Digital Marketing Executive,Junior,Part-Time,On-Site,10/31/2020,4.7,Senior Marketing Manager,430000,7.9,8.3,6.1,5.4,7.1,6,4,3.6,6.7,8.7,2.7,7.1,8.2,7.3,4.9,6.68,Meets Expectations,Customer Retention,69,99,143.5,13,88,22.9,51.38,3,9,245.4,16.6,208.5,15.7,6906,41455,7.2,25,9,5,8.4,74.3,59.8,90,67,23,10,0,Mailchimp,Canva,MS Teams,0,3.7,2.6,4.6,3.63,4,0,2,3,Effective Communication,No,No,3.2,10.3,Entrepreneurship,1.6,4.4,4.8,Moderate,High,Medium,No,4,4,25,4.8,Low,19,103,61.3,7.8,Significant,Contributed,No
MKT-2271,Abhinav Bhat,32,Male,Mumbai,BBA,Meta Blueprint,Market Research & Insights,Insights Manager,Mid-Level,Part-Time,Remote,2/26/2022,3.3,Head of Department,540000,6.1,8.7,5.3,7.3,6.7,6.7,5.3,3.9,6.6,4.6,6.5,4.4,7.2,6.8,6,6.51,Meets Expectations,Customer Retention,97,132,136.1,5,54,1.5,27.61,2.8,17,33.3,21.8,142.6,7.72,1265,17423,9.2,0,13,9,5.4,56.9,91.9,26,15,11,5,17,Power BI,Hootsuite,Slack,0,4.6,3.5,4.3,4.13,1,0,3,2,Effective Communication,Yes,No,1.6,5.1,Domain Expert,5.7,3.5,2.3,Low,Medium,Medium,No,5,1,53,5.5,Medium,16.35,70.5,56.7,7.7,Moderate,Not Involved,Yes
MKT-2272,Ananya Shukla,50,Female,Hyderabad,MA (Mass Communication),Meta Blueprint,Sales Enablement,Sales Enablement Executive,Junior,Part-Time,Hybrid,8/1/2023,1.9,Senior Marketing Manager,410000,7.6,5.7,7.5,6.7,9.9,6,4.1,3.1,2.9,5.7,6.8,7.9,4.3,3.7,7.7,6.44,Meets Expectations,Content Engagement,65,103,158.5,5,451,11.1,31.32,3.5,8,274.6,45.9,295.9,34.21,4368,10047,10.7,23,6,7,7.7,98,77.6,83,81,2,0,3,Jira,MS Excel,Zoom,0,4.9,3.6,4.8,4.43,0,0,6,2,Project Management,No,No,1.6,10.2,International Exposure,3.8,3,4.5,Moderate,High,Medium,Yes,4,1,-25,8.2,Medium,5.66,94.3,59.5,3.5,Significant,Not Involved,Yes
MKT-2273,Prateek Naidu,48,Male,Hyderabad,BA (Journalism),SEMrush SEO,Customer Engagement & CRM,Head of CRM,Leadership,Part-Time,Hybrid,4/9/2015,10.2,Head of Department,1240000,4.7,10,8,10,10,9.8,10,5.5,8.9,5.3,9.3,8.6,5.6,7.8,6.1,8.35,Exceeds Expectations,Content Engagement,76,70,92.1,8,19,23.1,8.18,4.1,11,237.2,23.9,272,55.85,6458,41811,6.5,16,6,6,5.5,78.6,88.5,82,64,18,13,4,Meta Ads Manager,Jira,Slack,5,3.6,3.3,4.6,3.83,3,4,1,6,Social Media Strategy,No,Yes,2.6,19.6,Cross-Functional Move,7.2,2.3,2.8,Low,Medium,Medium,No,0,6,68,7.8,Low,10.39,103.6,95.7,8.7,Moderate,Reviewed,Yes
MKT-2274,Aisha Singh,48,Female,Ahmedabad,B.Com (Hons),SEMrush SEO,Customer Engagement & CRM,CRM Analyst,Mid-Level,Full-Time,Remote,4/16/2019,6.2,Head of Department,600000,5,8.7,8.5,4.1,8.2,7.1,7.1,6.7,4.8,3.4,5.9,6.2,7.2,9.7,3.6,6.52,Meets Expectations,Lead Generation,90,125,138.9,6,50,21.3,21.83,4,4,25.3,32.2,242.8,33.73,6091,9196,8.9,25,0,1,8.1,95.3,93.5,40,38,2,2,14,Canva,SEMrush,MS Teams,0,3,3.5,5,3.83,3,0,6,3,AI in Marketing,Yes,No,1.4,25,International Exposure,6.2,2.7,4.2,Very High,High,Medium,Yes,3,1,17,7.8,Low,5.55,88.2,63.4,8,Minimal,Not Involved,No
MKT-2275,Hema Kulkarni,54,Female,Nagpur,M.Com,Content Marketing Institute,Customer Engagement & CRM,Customer Success Associate,Junior,Part-Time,Hybrid,10/26/2023,1.7,CMO,400000,7.1,7,8.2,6.2,3.9,4.1,2.9,3.9,4,6.7,6.3,5.6,8.1,4,7.3,6.05,Meets Expectations,Brand Awareness,89,126,141.6,7,12,4.5,54.14,4.8,4,128.2,15.9,123.2,54.02,4527,32295,8.6,3,7,3,4.6,59.7,81.4,22,13,9,0,0,Jira,SEMrush,Slack,0,4.8,4.4,4.6,4.6,4,0,1,2,Data Analytics for Marketers,No,No,1.5,21.2,Stay in Current Role,1,3.3,3.2,Very High,High,Medium,No,4,6,29,4.9,Medium,38.38,101.7,66.8,10,Significant,Contributed,Yes
MKT-2276,Gauri Sen,41,Female,Chennai,B.Tech,Content Marketing Institute,Performance Marketing,Campaign Analyst,Junior,Part-Time,Hybrid,1/28/2018,7.4,Head of Department,490000,6.9,3.4,9.4,5.9,7.9,5.3,9.9,6.6,5.8,7.2,4.3,6.9,7.7,7.9,9.2,7.08,Exceeds Expectations,Market Share Growth,95,124,130.5,12,268,18.4,23.7,4.3,9,78.1,9.2,90.8,1.03,1378,18843,9.3,31,11,8,7.5,61.4,88.8,14,9,5,5,20,Power BI,Salesforce,Zoom,0,3.2,4.5,3.1,3.6,4,0,6,1,Digital Transformation,Yes,No,0.9,11.1,Entrepreneurship,6.3,2.4,2.1,Low,High,Medium,No,0,6,-15,7.6,High,12.54,83.8,76,6,Significant,Contributed,No
MKT-2277,Shruti Dubey,28,Female,Ahmedabad,PGDM (Marketing),HubSpot Marketing,Brand & Communications,Brand Strategist,Junior,Full-Time,On-Site,11/30/2022,2.6,Senior Marketing Manager,460000,6.9,8,3.8,6,6.7,5.7,7.4,5,4.6,4.1,2.5,5.8,5.7,2.8,7.9,6.07,Meets Expectations,Content Engagement,99,73,73.7,4,34,10.5,39.79,4,50,17.3,28.3,165.1,55.94,3966,76880,10.7,22,9,2,10,57.1,67.3,89,51,38,29,0,Canva,Asana,MS Teams,0,2.7,2.8,3,2.83,3,0,7,1,None,No,No,2.6,16.9,Domain Expert,5.6,3.6,3.5,High,High,Medium,No,5,2,78,7.5,Medium,39.48,92.9,93.6,6.4,Moderate,Contributed,Yes
MKT-2278,Diya Nair,29,Female,Mumbai,B.Tech,Google Analytics,Digital Marketing,Head of Digital,Leadership,Full-Time,On-Site,12/31/2024,0.5,VP Marketing,1350000,5.4,8.7,9.6,5.8,9.6,5.8,8,6,7.4,7.8,7.1,7.9,5.3,7.9,6.6,7.57,Exceeds Expectations,Email Performance,72,62,86.1,11,43,10.2,53.38,2.9,9,24.7,23.1,337.2,31.93,1619,40382,10.1,29,3,7,5.1,50.9,83.8,61,31,30,28,0,Adobe Creative Suite,Salesforce,Zoom,10,4.3,2.6,3.9,3.6,1,7,2,2,Project Management,Yes,No,0.5,22.3,International Exposure,4.9,2.2,3.3,Very High,High,High,No,2,1,9,5.7,Low,25.97,81.8,59.1,7.9,Moderate,Contributed,Yes
MKT-2279,Priya Malhotra,21,Female,Nagpur,M.Com,LinkedIn Marketing,Content & Creative,Content Writer,Junior,Full-Time,On-Site,9/13/2015,9.8,Marketing Director,340000,8.9,6.9,2.9,2.8,5.9,8.9,6.7,2.7,3.7,6.3,2.8,6.6,6.9,4.4,7.7,6.2,Meets Expectations,Email Performance,90,79,87.8,2,19,11.4,53.38,3.5,41,289.4,28,263.6,16.53,3317,62182,10.5,0,20,8,6.6,95.4,95,31,30,1,1,0,Google Analytics,Mailchimp,Zoom,0,4.8,4.8,3.4,4.33,4,0,1,2,None,No,No,7.2,23.4,Entrepreneurship,9.9,3.5,2.2,Low,High,Medium,Yes,2,2,24,4.9,High,12.83,99,88.7,9.5,Moderate,Not Involved,Yes
MKT-2280,Megha Hegde,22,Female,Bengaluru,PGDM (Marketing),Content Marketing Institute,Brand & Communications,Communications Manager,Mid-Level,Contract,On-Site,8/8/2015,9.9,Marketing Director,660000,6.2,9.5,6.3,9.8,8.2,4.7,5,8,8.2,6.3,8.2,7.9,5.8,6.9,3.8,7.26,Exceeds Expectations,Sales Conversion,92,87,94.6,4,36,15.8,52.51,4.6,54,93.2,29.4,314.6,14.51,2163,75770,7.8,25,9,3,7.6,74.4,69.8,74,55,19,19,0,Asana,Google Analytics,Google Meet,0,4.2,4.1,4.2,4.17,4,0,6,4,AI in Marketing,Yes,No,4,16,International Exposure,7.3,4.6,3.8,Moderate,High,Low,Yes,2,5,8,7.1,Low,3.48,78,93.2,8.1,Minimal,Contributed,Yes
MKT-2281,Siddharth Mukherjee,32,Male,Jaipur,MBA (Finance),HubSpot Marketing,Customer Engagement & CRM,CRM Analyst,Mid-Level,Contract,Remote,3/2/2024,1.3,Senior Marketing Manager,660000,6.7,5.2,9.8,7,4.5,3.4,5,6.8,3.7,6.5,7,10,6.3,7.7,8.4,6.58,Meets Expectations,Digital Reach,65,57,87.7,7,4,21.2,29.59,4.7,14,262.4,8.4,312.6,46,7681,26544,7.5,35,15,3,9.2,78.7,72.5,22,17,5,4,9,Hootsuite,MS Excel,Google Meet,0,3.1,4.5,3.4,3.67,0,0,7,2,Negotiation & Persuasion,No,No,1.3,24.8,Entrepreneurship,6.5,3.1,2.2,Low,High,Medium,Yes,0,5,70,5.9,Low,46.9,64,56.8,4.8,Minimal,Contributed,No
MKT-2282,Deepak Reddy,24,Male,Lucknow,B.Com (Hons),HubSpot Marketing,Content & Creative,Content Strategist,Mid-Level,Full-Time,Hybrid,10/28/2023,1.7,VP Marketing,720000,3.3,5.8,6.8,9.1,4.6,5.7,7.5,7.2,5.8,7.8,5.7,4.9,6.8,2.4,7.5,6.3,Meets Expectations,Content Engagement,86,103,119.8,8,80,4,49.85,4.9,55,122.9,8.1,161.1,41.51,7022,57691,10.8,25,7,10,10,66.3,63.5,82,54,28,4,0,Tableau,Meta Ads Manager,MS Teams,0,4.8,4.5,4.1,4.47,3,0,4,2,None,Yes,No,1.2,9.4,Leadership Role,8.5,4.4,1.9,Moderate,High,Low,Yes,4,6,38,10,High,6.08,80.8,65.5,4.5,Significant,Executed,Yes
MKT-2283,Mohit Hegde,36,Male,Nagpur,M.Com,PMP,Customer Engagement & CRM,CRM Executive,Junior,Full-Time,Remote,5/6/2017,8.2,Marketing Director,360000,9.2,7.5,4.7,5.6,7.8,3.4,6.3,4,8.4,5.6,6.4,5.6,7.6,5.6,5.8,6.71,Meets Expectations,Brand Awareness,80,55,68.8,8,75,2.3,28.3,4.3,10,146.7,41.9,143.5,17.9,7315,54157,9.1,18,19,5,6.4,73.1,68.2,44,32,12,4,21,Mailchimp,Google Ads,MS Teams,0,3.7,4.2,5,4.3,4,0,5,3,Social Media Strategy,No,No,4.9,9,Domain Expert,4.9,3.2,5,High,Medium,Medium,No,3,5,80,6.8,Medium,5.25,78.2,63.1,4.2,Moderate,Reviewed,No
MKT-2284,Isha Rajan,41,Female,Chennai,B.Sc (Statistics),LinkedIn Marketing,Sales Enablement,Sales Analyst,Junior,Contract,On-Site,8/21/2015,9.9,Marketing Director,420000,7.5,8,6.2,6.4,3.2,6.4,5.7,5.9,7.2,7.5,4.6,4.9,1.2,6.5,3.4,6.2,Meets Expectations,Email Performance,75,109,145.3,0,310,20.8,47.72,2.9,0,84.3,45.2,79.7,58.35,3638,22139,10.4,28,12,5,4.9,93.2,88.4,59,55,4,0,0,MS Excel,Asana,MS Teams,0,4.3,3.6,4.1,4,1,0,1,7,Leadership Skills,Yes,No,8.9,23.1,Entrepreneurship,4.2,3.3,5,Moderate,High,Medium,No,2,2,-11,6.5,Medium,33.71,99.1,62.4,8.1,Minimal,Executed,No
MKT-2285,Sahil Das,37,Male,Lucknow,MBA (Finance),Google Analytics,Public Relations,PR Coordinator,Junior,Part-Time,Remote,1/25/2021,4.4,Senior Marketing Manager,580000,7.5,8.4,5.3,6.1,7,7.9,9.2,6.2,4.4,5.2,5.9,8.8,8.9,2.7,5.6,7.08,Exceeds Expectations,Brand Awareness,72,76,105.6,3,73,18.6,45.56,5,10,82.3,15.8,103.6,14.65,7619,71355,8.7,0,15,9,4.4,63.2,69.7,31,20,11,6,16,Adobe Creative Suite,Canva,MS Teams,0,4.1,2.8,4.3,3.73,4,0,5,1,Design Thinking,No,No,2.8,15.8,Domain Expert,8.2,2.8,2.8,High,Medium,Medium,Yes,0,3,-25,6,Medium,26.97,68.7,70.8,4.7,Moderate,Reviewed,Yes
MKT-2286,Aditya Nair,23,Male,Kolkata,MBA (Finance),None,Content & Creative,Graphic Designer,Junior,Full-Time,Hybrid,5/13/2020,5.1,CMO,500000,6.6,7,4.5,7.4,4.3,6.8,3.8,4.1,3.7,4.3,7.5,7.5,7.5,4.4,8.7,6.18,Meets Expectations,Customer Retention,98,106,108.2,6,93,8.8,5.75,4,63,89.3,12.8,154.7,30.81,7236,64491,9.6,28,0,7,7.5,70.2,98.8,80,56,24,18,7,Jira,Asana,Google Meet,0,3.7,4.4,4.2,4.1,3,0,3,6,Design Thinking,Yes,No,1.1,6.3,Cross-Functional Move,6.4,4.7,4.1,Low,High,Low,Yes,1,5,20,5.4,Low,28.12,104.6,52.1,6.1,Minimal,Not Involved,Yes
MKT-2287,Neel Krishnan,32,Male,Kolkata,M.Com,HubSpot Marketing,Digital Marketing,SEO Analyst,Junior,Part-Time,On-Site,8/29/2017,7.8,VP Marketing,390000,5.5,7.2,6.7,6.6,9.7,10,6.3,4.2,7.8,9,6.7,5.9,5.8,5,5.7,7.28,Exceeds Expectations,Content Engagement,80,102,127.5,2,126,3.5,34.8,4.3,5,41.2,25.6,219.4,28.36,7606,56791,7.1,26,18,8,6.4,68.6,86.1,23,16,7,0,0,Jira,Salesforce,Zoom,0,3.9,4.9,3.7,4.17,3,0,4,7,Design Thinking,Yes,No,7,19,Entrepreneurship,2.8,2.6,3.8,Low,High,High,No,5,6,-3,6.6,Medium,8.39,79.4,88.2,9.4,Significant,Reviewed,Yes
MKT-2288,Yuvraj Subramaniam,22,Male,Ahmedabad,MBA (Marketing),Hootsuite Social Media,Public Relations,PR Executive,Junior,Part-Time,Hybrid,4/27/2018,7.2,Marketing Director,390000,8.1,6.1,4.6,7.8,5.2,6.3,5.9,7.4,6.6,6.8,4,5.4,5.3,5.1,3.9,6.3,Meets Expectations,Content Engagement,93,99,106.5,2,35,15.1,47.45,4.4,42,26.5,31.2,318.8,51.42,4336,23824,11,30,16,1,4.9,59.8,98.1,81,48,33,29,8,Power BI,Mailchimp,Zoom,0,3.6,2.7,3.4,3.23,4,0,5,7,Data Analytics for Marketers,Yes,No,4.7,13.3,International Exposure,6.6,4.3,2.3,Moderate,High,Low,No,5,4,52,7.3,Low,39.68,99.9,76.1,6.7,Moderate,Reviewed,No
MKT-2289,Dhruv Dutta,44,Male,Lucknow,MA (Mass Communication),PMP,Performance Marketing,Performance Marketing Manager,Senior,Full-Time,Hybrid,8/24/2016,8.9,Senior Marketing Manager,1150000,4.4,8,7.7,9.8,4.2,6.5,10,8.4,7.7,7.4,9.2,9.6,5.1,10,7,7.74,Exceeds Expectations,Content Engagement,81,71,87.7,18,243,17.9,2.19,4.3,6,6.7,39.5,118.3,57.67,6139,73558,9.2,29,19,1,7.8,65,96.2,63,41,22,9,19,Power BI,Mailchimp,Zoom,15,2.8,4.1,3.3,3.4,2,8,6,2,Project Management,No,Yes,8.1,11.6,Stay in Current Role,6,2.7,1.6,High,High,Medium,No,2,2,5,8.4,Medium,14.8,85.5,80.7,4.8,Moderate,Executed,Yes
MKT-2290,Harsh Patil,44,Male,Kolkata,MBA (Marketing),Salesforce CRM,Market Research & Insights,Data Analyst,Junior,Full-Time,Remote,3/27/2019,6.3,Marketing Director,560000,5.7,7.5,6,5.2,5.2,5.7,7.2,5.5,5.5,3.6,4.1,8.6,7.1,3.1,4.9,5.98,Meets Expectations,Brand Awareness,90,104,115.6,5,78,16.6,25.13,3.6,17,244.2,28.5,183.1,8.49,7017,4532,8.7,35,4,2,9.1,55.4,62.7,43,24,19,7,4,Jira,Meta Ads Manager,Zoom,0,4.5,3.7,3.6,3.93,4,0,6,4,Project Management,Yes,No,4.1,16.6,International Exposure,4.7,4.7,4.5,Low,High,Medium,No,0,2,48,5.6,Medium,20.85,100.2,56.5,3.8,Minimal,Not Involved,No
MKT-2291,Prateek Joshi,53,Male,Lucknow,MA (Mass Communication),PMP,Content & Creative,Content Writer,Junior,Full-Time,On-Site,8/27/2020,4.8,VP Marketing,320000,4.6,7.4,7.8,6.3,7.9,7.4,7.2,6,7.3,5.7,3.1,2.9,3.5,6.6,4.5,6.27,Meets Expectations,Lead Generation,100,119,119,4,78,18.3,3.49,5,27,50.6,46.5,311.8,13.75,5481,2473,8.8,15,18,4,4.9,78,71.9,46,36,10,10,0,Meta Ads Manager,Tableau,Google Meet,0,3.2,4.7,3.6,3.83,4,0,2,6,Social Media Strategy,No,No,0.7,18.1,International Exposure,3.8,3.7,2,Low,Medium,Medium,No,3,5,-2,7.8,Medium,29.3,69,79.5,5.9,Significant,Contributed,Yes
MKT-2292,Shubham Chauhan,26,Male,Surat,MA (Mass Communication),Hootsuite Social Media,Performance Marketing,Performance Marketer,Mid-Level,Contract,Remote,10/6/2019,5.7,Marketing Director,570000,7.8,9.4,5.3,2.8,6.4,6.2,6.4,8.9,8.6,10,4,6.7,6.4,6.5,5.3,7.15,Exceeds Expectations,Campaign ROI,76,113,148.7,2,96,6.5,46.52,4.1,11,247.7,38.4,159.1,45.24,3748,24324,9.4,10,0,0,7.3,61.5,87.1,67,41,26,11,3,MS Excel,Tableau,Google Meet,0,3.6,3.8,3.7,3.7,2,0,4,1,Social Media Strategy,No,No,0.6,7.5,Cross-Functional Move,8.5,4.1,2.6,Moderate,Medium,Low,No,4,2,0,7.7,Medium,28.29,89.9,54.7,6.8,Minimal,Contributed,Yes
MKT-2293,Charu Rajan,29,Female,Mumbai,BA (Journalism),Google Ads,Performance Marketing,Campaign Analyst,Junior,Part-Time,Hybrid,7/15/2019,6,Head of Department,470000,7.8,7.3,5.4,4.9,4,4.7,6.2,3.5,8.3,5.2,4.2,4.6,5,5.2,4.3,5.89,Meets Expectations,Campaign ROI,94,76,80.9,13,220,3.9,54.35,4.4,11,89.1,25.5,80.2,14.52,5288,54775,9.5,1,17,9,9.8,86.6,78.4,31,27,4,2,7,Hootsuite,Canva,Slack,0,2.9,4.7,4.2,3.93,3,0,4,4,Leadership Skills,No,No,3.9,7.2,Stay in Current Role,9.4,3.6,4.6,High,Medium,Medium,No,3,3,13,9.8,Low,26.8,107.5,99.8,2.7,Moderate,Contributed,Yes
MKT-2294,Siddharth Dutta,40,Male,Ahmedabad,B.Sc (Statistics),Google Analytics,Sales Enablement,Sales Enablement Executive,Junior,Full-Time,Remote,12/18/2019,5.5,Senior Marketing Manager,340000,6,6.8,5.1,6.7,7.9,3.4,3.9,3.2,7,2.8,5,4,3.2,3.6,4.1,5.3,Below Expectations,Market Share Growth,84,97,115.5,0,393,4.1,14.27,3.6,3,208,36.1,285.3,47.73,2232,46603,10.4,20,11,2,8.3,52.8,87,61,32,29,21,11,Jira,Power BI,MS Teams,0,3.4,2.9,3,3.1,2,0,7,3,Effective Communication,No,No,1,12,Domain Expert,4.8,2.3,3.3,High,High,High,No,1,2,15,6.1,High,51.99,78.7,50.9,5.7,Minimal,Contributed,Yes
MKT-2295,Gaurav Dubey,42,Male,Delhi,B.Com (Hons),Google Analytics,Performance Marketing,Campaign Analyst,Junior,Contract,Hybrid,11/25/2020,4.6,Senior Marketing Manager,560000,9.2,7.1,7.9,5.2,5.2,4.9,5.9,4.6,4.2,8.7,3.5,3.8,9.4,7.1,1.6,6.31,Meets Expectations,Campaign ROI,81,100,123.5,3,287,5.5,17.12,3.2,5,263.1,46.9,148.1,30.69,352,19139,10.5,8,19,9,8.5,71.8,58.4,79,57,22,16,5,Adobe Creative Suite,Canva,Slack,0,2.7,3,4.8,3.5,3,0,1,2,Negotiation & Persuasion,No,No,1.1,22.6,International Exposure,2.9,2.9,4.7,Moderate,High,High,No,2,4,-7,4.8,Medium,46.26,77.2,57,8.7,Significant,Contributed,No
MKT-2296,Ananya Bhat,48,Female,Pune,B.Com (Hons),Meta Blueprint,Market Research & Insights,Data Analyst,Junior,Full-Time,Hybrid,11/23/2017,7.6,VP Marketing,440000,7.5,10,8.7,7.9,9.3,6.3,6.5,7.6,6.5,5,6.4,5,4.6,7,5.5,7.41,Exceeds Expectations,Digital Reach,79,88,111.4,7,77,6,34.51,5,2,83.2,25.2,208.3,22.47,1480,68721,9.7,7,2,4,7.2,50.2,55.6,42,21,21,20,11,Google Analytics,Adobe Creative Suite,Zoom,0,4,3.4,3,3.47,1,0,3,5,Advanced Excel,No,No,4.8,18.1,International Exposure,4.7,2.5,2,Very High,High,High,Yes,1,3,31,7.5,High,22.71,67.4,78.5,4.8,Significant,Executed,Yes
MKT-2297,Zara Bose,44,Female,Ahmedabad,MBA (Finance),Google Ads,Customer Engagement & CRM,CRM Executive,Junior,Full-Time,On-Site,3/19/2015,10.3,CMO,300000,6,6.4,6.5,4.7,5.4,4.4,4.1,4.3,5.1,9.8,4.3,4.8,6.9,6.2,2.3,5.7,Meets Expectations,Email Performance,78,98,125.6,3,36,10,22.64,4,15,149,37,271,21.46,2778,23382,10.4,3,6,3,6.7,51.4,66.8,18,9,9,1,0,Asana,HubSpot,Google Meet,0,4.7,3.7,3.1,3.83,3,0,5,2,Design Thinking,Yes,No,6.9,18.8,Stay in Current Role,3.1,4.4,1.8,High,High,Medium,No,3,6,-5,3.4,Medium,35.2,87.2,86,4.6,Moderate,Reviewed,No
MKT-2298,Piyush Menon,52,Male,Pune,BBA,None,Customer Engagement & CRM,Customer Success Associate,Junior,Contract,Remote,5/15/2023,2.1,Senior Marketing Manager,520000,2.7,8.7,6.8,6.6,2.5,7.7,4.1,3.8,4.5,5.4,1,5.8,6.6,4.9,7.5,5.52,Meets Expectations,Email Performance,94,89,94.7,5,64,3,21.03,3.2,12,177.5,47.4,164.3,1.54,569,70950,10.9,23,8,8,7.9,88.2,80,43,38,5,5,10,MS Excel,Asana,MS Teams,0,5,2.8,4.8,4.2,1,0,7,4,AI in Marketing,Yes,No,0.6,18.2,Domain Expert,5.9,3.4,4.3,Low,High,Medium,No,4,4,58,7.2,Medium,15.86,85.5,84.4,7.4,Significant,Reviewed,Yes
MKT-2299,Sonal Banerjee,34,Female,Chennai,B.Sc (Statistics),None,Brand & Communications,Brand Strategist,Junior,Part-Time,Hybrid,7/12/2021,4,Senior Marketing Manager,440000,4.8,8.3,5.3,5.5,7.8,4.4,6.3,3.1,3.8,4.4,7.9,8.4,7.2,6.6,6.3,6.21,Meets Expectations,Content Engagement,79,111,140.5,10,96,18,1.24,3.3,59,57,19.7,333.3,37.66,3595,25998,9,7,17,3,2.8,74.2,73.4,52,39,13,3,8,HubSpot,Tableau,Zoom,0,4.2,3.2,3.3,3.57,2,0,3,3,Social Media Strategy,No,No,2.7,20.8,Cross-Functional Move,5.7,3.9,3.2,High,Medium,Low,No,0,0,-20,4.7,Low,48.53,101.2,64.3,9,Significant,Contributed,Yes
MKT-2300,Natasha Sethi,43,Female,Jaipur,MA (Mass Communication),LinkedIn Marketing,Customer Engagement & CRM,CRM Manager,Senior,Contract,Hybrid,1/4/2023,2.5,CMO,1140000,9,9.5,7.1,8,4.1,7.4,8.7,5.5,8.6,6.1,7.9,9.3,3.1,10,10,8.13,Exceeds Expectations,Campaign ROI,85,117,137.6,5,92,2.7,27.91,4.4,13,285.3,14.1,172.3,54.33,4820,24284,8.8,4,9,4,5.7,63.5,85.7,47,30,17,1,9,Hootsuite,Mailchimp,Slack,12,2.9,4,3.2,3.37,1,10,3,0,Advanced Excel,No,Yes,2.3,7.5,Cross-Functional Move,6.5,2.6,4.2,High,Medium,Medium,No,4,0,76,10,Low,43.23,71.6,81,8.2,Minimal,Contributed,Yes
